file,line,type,commit,author,date,time,timezone,datetime,depth,length
style.css,1,css,b6edab3e,tejassmani,2025-04-12,15:52:24,-07:00,2025-04-12T15:52:24-07:00,0,4
style.css,2,css,20e66fca,tejassmani,2025-05-09,13:22:34,-07:00,2025-05-09T13:22:34-07:00,1,38
style.css,3,css,b6edab3e,tejassmani,2025-04-12,15:52:24,-07:00,2025-04-12T15:52:24-07:00,1,32
style.css,4,css,407adafa,tejassmani,2025-04-17,18:39:56,-07:00,2025-04-17T18:39:56-07:00,1,23
style.css,5,css,b6edab3e,tejassmani,2025-04-12,15:52:24,-07:00,2025-04-12T15:52:24-07:00,0,0
style.css,6,css,04ef8668,tejassmani,2025-04-04,18:45:12,-07:00,2025-04-04T18:45:12-07:00,0,4
style.css,7,css,20e66fca,tejassmani,2025-05-09,13:22:34,-07:00,2025-05-09T13:22:34-07:00,1,23
style.css,8,css,20e66fca,tejassmani,2025-05-09,13:22:34,-07:00,2025-05-09T13:22:34-07:00,1,14
style.css,9,css,20e66fca,tejassmani,2025-05-09,13:22:34,-07:00,2025-05-09T13:22:34-07:00,1,18
style.css,10,css,20e66fca,tejassmani,2025-05-09,13:22:34,-07:00,2025-05-09T13:22:34-07:00,1,17
style.css,11,css,20e66fca,tejassmani,2025-05-09,13:22:34,-07:00,2025-05-09T13:22:34-07:00,0,0
style.css,12,css,29ecf8fe,tejassmani,2025-04-12,16:35:09,-07:00,2025-04-12T16:35:09-07:00,0,0
style.css,13,css,20e66fca,tejassmani,2025-05-09,13:22:34,-07:00,2025-05-09T13:22:34-07:00,0,5
style.css,14,css,20e66fca,tejassmani,2025-05-09,13:22:34,-07:00,2025-05-09T13:22:34-07:00,0,6
style.css,15,css,20e66fca,tejassmani,2025-05-09,13:22:34,-07:00,2025-05-09T13:22:34-07:00,1,16
style.css,16,css,20e66fca,tejassmani,2025-05-09,13:22:34,-07:00,2025-05-09T13:22:34-07:00,0,0
style.css,17,css,29ecf8fe,tejassmani,2025-04-12,16:35:09,-07:00,2025-04-12T16:35:09-07:00,0,0
style.css,18,css,20e66fca,tejassmani,2025-05-09,13:22:34,-07:00,2025-05-09T13:22:34-07:00,0,3
style.css,19,css,20e66fca,tejassmani,2025-05-09,13:22:34,-07:00,2025-05-09T13:22:34-07:00,1,12
style.css,20,css,20e66fca,tejassmani,2025-05-09,13:22:34,-07:00,2025-05-09T13:22:34-07:00,1,17
style.css,21,css,20e66fca,tejassmani,2025-05-09,13:22:34,-07:00,2025-05-09T13:22:34-07:00,1,41
style.css,22,css,20e66fca,tejassmani,2025-05-09,13:22:34,-07:00,2025-05-09T13:22:34-07:00,1,44
style.css,23,css,20e66fca,tejassmani,2025-05-09,13:22:34,-07:00,2025-05-09T13:22:34-07:00,0,0
style.css,24,css,20e66fca,tejassmani,2025-05-09,13:22:34,-07:00,2025-05-09T13:22:34-07:00,0,0
style.css,25,css,20e66fca,tejassmani,2025-05-09,13:22:34,-07:00,2025-05-09T13:22:34-07:00,0,5
style.css,26,css,20e66fca,tejassmani,2025-05-09,13:22:34,-07:00,2025-05-09T13:22:34-07:00,1,6
style.css,27,css,20e66fca,tejassmani,2025-05-09,13:22:34,-07:00,2025-05-09T13:22:34-07:00,1,17
style.css,28,css,20e66fca,tejassmani,2025-05-09,13:22:34,-07:00,2025-05-09T13:22:34-07:00,1,13
style.css,29,css,20e66fca,tejassmani,2025-05-09,13:22:34,-07:00,2025-05-09T13:22:34-07:00,1,13
style.css,30,css,20e66fca,tejassmani,2025-05-09,13:22:34,-07:00,2025-05-09T13:22:34-07:00,0,0
style.css,31,css,20e66fca,tejassmani,2025-05-09,13:22:34,-07:00,2025-05-09T13:22:34-07:00,0,0
style.css,32,css,20e66fca,tejassmani,2025-05-09,13:22:34,-07:00,2025-05-09T13:22:34-07:00,0,13
style.css,33,css,20e66fca,tejassmani,2025-05-09,13:22:34,-07:00,2025-05-09T13:22:34-07:00,1,43
style.css,34,css,20e66fca,tejassmani,2025-05-09,13:22:34,-07:00,2025-05-09T13:22:34-07:00,1,20
style.css,35,css,20e66fca,tejassmani,2025-05-09,13:22:34,-07:00,2025-05-09T13:22:34-07:00,1,16
style.css,36,css,20e66fca,tejassmani,2025-05-09,13:22:34,-07:00,2025-05-09T13:22:34-07:00,0,0
style.css,37,css,20e66fca,tejassmani,2025-05-09,13:22:34,-07:00,2025-05-09T13:22:34-07:00,0,0
style.css,38,css,20e66fca,tejassmani,2025-05-09,13:22:34,-07:00,2025-05-09T13:22:34-07:00,0,11
style.css,39,css,20e66fca,tejassmani,2025-05-09,13:22:34,-07:00,2025-05-09T13:22:34-07:00,1,45
style.css,40,css,20e66fca,tejassmani,2025-05-09,13:22:34,-07:00,2025-05-09T13:22:34-07:00,1,20
style.css,41,css,20e66fca,tejassmani,2025-05-09,13:22:34,-07:00,2025-05-09T13:22:34-07:00,1,69
style.css,42,css,20e66fca,tejassmani,2025-05-09,13:22:34,-07:00,2025-05-09T13:22:34-07:00,0,0
style.css,43,css,20e66fca,tejassmani,2025-05-09,13:22:34,-07:00,2025-05-09T13:22:34-07:00,0,0
style.css,44,css,20e66fca,tejassmani,2025-05-09,13:22:34,-07:00,2025-05-09T13:22:34-07:00,0,4
style.css,45,css,20e66fca,tejassmani,2025-05-09,13:22:34,-07:00,2025-05-09T13:22:34-07:00,1,12
style.css,46,css,20e66fca,tejassmani,2025-05-09,13:22:34,-07:00,2025-05-09T13:22:34-07:00,1,7
style.css,47,css,20e66fca,tejassmani,2025-05-09,13:22:34,-07:00,2025-05-09T13:22:34-07:00,1,12
style.css,48,css,20e66fca,tejassmani,2025-05-09,13:22:34,-07:00,2025-05-09T13:22:34-07:00,1,14
style.css,49,css,20e66fca,tejassmani,2025-05-09,13:22:34,-07:00,2025-05-09T13:22:34-07:00,0,0
style.css,50,css,20e66fca,tejassmani,2025-05-09,13:22:34,-07:00,2025-05-09T13:22:34-07:00,0,0
style.css,51,css,20e66fca,tejassmani,2025-05-09,13:22:34,-07:00,2025-05-09T13:22:34-07:00,0,9
style.css,52,css,20e66fca,tejassmani,2025-05-09,13:22:34,-07:00,2025-05-09T13:22:34-07:00,1,12
style.css,53,css,20e66fca,tejassmani,2025-05-09,13:22:34,-07:00,2025-05-09T13:22:34-07:00,1,30
style.css,54,css,20e66fca,tejassmani,2025-05-09,13:22:34,-07:00,2025-05-09T13:22:34-07:00,1,18
style.css,55,css,20e66fca,tejassmani,2025-05-09,13:22:34,-07:00,2025-05-09T13:22:34-07:00,1,9
style.css,56,css,20e66fca,tejassmani,2025-05-09,13:22:34,-07:00,2025-05-09T13:22:34-07:00,0,0
style.css,57,css,20e66fca,tejassmani,2025-05-09,13:22:34,-07:00,2025-05-09T13:22:34-07:00,0,0
style.css,58,css,20e66fca,tejassmani,2025-05-09,13:22:34,-07:00,2025-05-09T13:22:34-07:00,0,15
style.css,59,css,20e66fca,tejassmani,2025-05-09,13:22:34,-07:00,2025-05-09T13:22:34-07:00,1,8
style.css,60,css,20e66fca,tejassmani,2025-05-09,13:22:34,-07:00,2025-05-09T13:22:34-07:00,1,16
style.css,61,css,20e66fca,tejassmani,2025-05-09,13:22:34,-07:00,2025-05-09T13:22:34-07:00,0,0
style.css,62,css,20e66fca,tejassmani,2025-05-09,13:22:34,-07:00,2025-05-09T13:22:34-07:00,0,0
style.css,63,css,20e66fca,tejassmani,2025-05-09,13:22:34,-07:00,2025-05-09T13:22:34-07:00,0,14
style.css,64,css,20e66fca,tejassmani,2025-05-09,13:22:34,-07:00,2025-05-09T13:22:34-07:00,0,18
style.css,65,css,20e66fca,tejassmani,2025-05-09,13:22:34,-07:00,2025-05-09T13:22:34-07:00,1,10
style.css,66,css,20e66fca,tejassmani,2025-05-09,13:22:34,-07:00,2025-05-09T13:22:34-07:00,1,21
style.css,67,css,20e66fca,tejassmani,2025-05-09,13:22:34,-07:00,2025-05-09T13:22:34-07:00,1,12
style.css,68,css,20e66fca,tejassmani,2025-05-09,13:22:34,-07:00,2025-05-09T13:22:34-07:00,0,0
style.css,69,css,20e66fca,tejassmani,2025-05-09,13:22:34,-07:00,2025-05-09T13:22:34-07:00,0,0
style.css,70,css,20e66fca,tejassmani,2025-05-09,13:22:34,-07:00,2025-05-09T13:22:34-07:00,0,6
style.css,71,css,20e66fca,tejassmani,2025-05-09,13:22:34,-07:00,2025-05-09T13:22:34-07:00,1,18
style.css,72,css,20e66fca,tejassmani,2025-05-09,13:22:34,-07:00,2025-05-09T13:22:34-07:00,1,17
style.css,73,css,20e66fca,tejassmani,2025-05-09,13:22:34,-07:00,2025-05-09T13:22:34-07:00,1,12
style.css,74,css,20e66fca,tejassmani,2025-05-09,13:22:34,-07:00,2025-05-09T13:22:34-07:00,0,0
style.css,75,css,20e66fca,tejassmani,2025-05-09,13:22:34,-07:00,2025-05-09T13:22:34-07:00,0,0
style.css,76,css,20e66fca,tejassmani,2025-05-09,13:22:34,-07:00,2025-05-09T13:22:34-07:00,0,9
style.css,77,css,20e66fca,tejassmani,2025-05-09,13:22:34,-07:00,2025-05-09T13:22:34-07:00,1,12
style.css,78,css,20e66fca,tejassmani,2025-05-09,13:22:34,-07:00,2025-05-09T13:22:34-07:00,1,58
style.css,79,css,20e66fca,tejassmani,2025-05-09,13:22:34,-07:00,2025-05-09T13:22:34-07:00,1,9
style.css,80,css,20e66fca,tejassmani,2025-05-09,13:22:34,-07:00,2025-05-09T13:22:34-07:00,1,11
style.css,81,css,20e66fca,tejassmani,2025-05-09,13:22:34,-07:00,2025-05-09T13:22:34-07:00,0,0
style.css,82,css,20e66fca,tejassmani,2025-05-09,13:22:34,-07:00,2025-05-09T13:22:34-07:00,0,17
style.css,83,css,20e66fca,tejassmani,2025-05-09,13:22:34,-07:00,2025-05-09T13:22:34-07:00,1,12
style.css,84,css,20e66fca,tejassmani,2025-05-09,13:22:34,-07:00,2025-05-09T13:22:34-07:00,1,21
style.css,85,css,20e66fca,tejassmani,2025-05-09,13:22:34,-07:00,2025-05-09T13:22:34-07:00,1,60
style.css,86,css,20e66fca,tejassmani,2025-05-09,13:22:34,-07:00,2025-05-09T13:22:34-07:00,1,24
style.css,87,css,20e66fca,tejassmani,2025-05-09,13:22:34,-07:00,2025-05-09T13:22:34-07:00,1,11
style.css,88,css,20e66fca,tejassmani,2025-05-09,13:22:34,-07:00,2025-05-09T13:22:34-07:00,1,19
style.css,89,css,20e66fca,tejassmani,2025-05-09,13:22:34,-07:00,2025-05-09T13:22:34-07:00,1,15
style.css,90,css,20e66fca,tejassmani,2025-05-09,13:22:34,-07:00,2025-05-09T13:22:34-07:00,0,0
style.css,91,css,20e66fca,tejassmani,2025-05-09,13:22:34,-07:00,2025-05-09T13:22:34-07:00,0,0
style.css,92,css,20e66fca,tejassmani,2025-05-09,13:22:34,-07:00,2025-05-09T13:22:34-07:00,0,20
style.css,93,css,20e66fca,tejassmani,2025-05-09,13:22:34,-07:00,2025-05-09T13:22:34-07:00,1,67
style.css,94,css,20e66fca,tejassmani,2025-05-09,13:22:34,-07:00,2025-05-09T13:22:34-07:00,0,0
style.css,95,css,20e66fca,tejassmani,2025-05-09,13:22:34,-07:00,2025-05-09T13:22:34-07:00,0,0
style.css,96,css,20e66fca,tejassmani,2025-05-09,13:22:34,-07:00,2025-05-09T13:22:34-07:00,0,21
style.css,97,css,20e66fca,tejassmani,2025-05-09,13:22:34,-07:00,2025-05-09T13:22:34-07:00,1,10
style.css,98,css,20e66fca,tejassmani,2025-05-09,13:22:34,-07:00,2025-05-09T13:22:34-07:00,1,12
style.css,99,css,20e66fca,tejassmani,2025-05-09,13:22:34,-07:00,2025-05-09T13:22:34-07:00,1,16
style.css,100,css,20e66fca,tejassmani,2025-05-09,13:22:34,-07:00,2025-05-09T13:22:34-07:00,1,29
style.css,101,css,20e66fca,tejassmani,2025-05-09,13:22:34,-07:00,2025-05-09T13:22:34-07:00,0,0
style.css,102,css,20e66fca,tejassmani,2025-05-09,13:22:34,-07:00,2025-05-09T13:22:34-07:00,0,0
style.css,103,css,20e66fca,tejassmani,2025-05-09,13:22:34,-07:00,2025-05-09T13:22:34-07:00,0,19
style.css,104,css,20e66fca,tejassmani,2025-05-09,13:22:34,-07:00,2025-05-09T13:22:34-07:00,1,16
style.css,105,css,20e66fca,tejassmani,2025-05-09,13:22:34,-07:00,2025-05-09T13:22:34-07:00,0,0
style.css,106,css,20e66fca,tejassmani,2025-05-09,13:22:34,-07:00,2025-05-09T13:22:34-07:00,0,0
style.css,107,css,20e66fca,tejassmani,2025-05-09,13:22:34,-07:00,2025-05-09T13:22:34-07:00,0,12
style.css,108,css,20e66fca,tejassmani,2025-05-09,13:22:34,-07:00,2025-05-09T13:22:34-07:00,1,8
style.css,109,css,20e66fca,tejassmani,2025-05-09,13:22:34,-07:00,2025-05-09T13:22:34-07:00,0,0
style.css,110,css,20e66fca,tejassmani,2025-05-09,13:22:34,-07:00,2025-05-09T13:22:34-07:00,0,2
style.css,111,css,20e66fca,tejassmani,2025-05-09,13:22:34,-07:00,2025-05-09T13:22:34-07:00,1,14
style.css,112,css,20e66fca,tejassmani,2025-05-09,13:22:34,-07:00,2025-05-09T13:22:34-07:00,1,15
style.css,113,css,20e66fca,tejassmani,2025-05-09,13:22:34,-07:00,2025-05-09T13:22:34-07:00,1,17
style.css,114,css,20e66fca,tejassmani,2025-05-09,13:22:34,-07:00,2025-05-09T13:22:34-07:00,0,0
style.css,115,css,20e66fca,tejassmani,2025-05-09,13:22:34,-07:00,2025-05-09T13:22:34-07:00,0,0
style.css,116,css,20e66fca,tejassmani,2025-05-09,13:22:34,-07:00,2025-05-09T13:22:34-07:00,0,1
style.css,117,css,20e66fca,tejassmani,2025-05-09,13:22:34,-07:00,2025-05-09T13:22:34-07:00,0,1
style.css,118,css,20e66fca,tejassmani,2025-05-09,13:22:34,-07:00,2025-05-09T13:22:34-07:00,0,1
style.css,119,css,20e66fca,tejassmani,2025-05-09,13:22:34,-07:00,2025-05-09T13:22:34-07:00,0,1
style.css,120,css,20e66fca,tejassmani,2025-05-09,13:22:34,-07:00,2025-05-09T13:22:34-07:00,0,2
style.css,121,css,20e66fca,tejassmani,2025-05-09,13:22:34,-07:00,2025-05-09T13:22:34-07:00,1,15
style.css,122,css,20e66fca,tejassmani,2025-05-09,13:22:34,-07:00,2025-05-09T13:22:34-07:00,1,17
style.css,123,css,20e66fca,tejassmani,2025-05-09,13:22:34,-07:00,2025-05-09T13:22:34-07:00,0,0
style.css,124,css,20e66fca,tejassmani,2025-05-09,13:22:34,-07:00,2025-05-09T13:22:34-07:00,0,0
style.css,125,css,20e66fca,tejassmani,2025-05-09,13:22:34,-07:00,2025-05-09T13:22:34-07:00,0,7
style.css,126,css,20e66fca,tejassmani,2025-05-09,13:22:34,-07:00,2025-05-09T13:22:34-07:00,1,17
style.css,127,css,20e66fca,tejassmani,2025-05-09,13:22:34,-07:00,2025-05-09T13:22:34-07:00,0,0
style.css,128,css,20e66fca,tejassmani,2025-05-09,13:22:34,-07:00,2025-05-09T13:22:34-07:00,0,0
style.css,129,css,20e66fca,tejassmani,2025-05-09,13:22:34,-07:00,2025-05-09T13:22:34-07:00,0,19
style.css,130,css,29ecf8fe,tejassmani,2025-04-12,16:35:09,-07:00,2025-04-12T16:35:09-07:00,0,15
style.css,131,css,20e66fca,tejassmani,2025-05-09,13:22:34,-07:00,2025-05-09T13:22:34-07:00,1,17
style.css,132,css,20e66fca,tejassmani,2025-05-09,13:22:34,-07:00,2025-05-09T13:22:34-07:00,0,0
style.css,133,css,20e66fca,tejassmani,2025-05-09,13:22:34,-07:00,2025-05-09T13:22:34-07:00,0,0
style.css,134,css,20e66fca,tejassmani,2025-05-09,13:22:34,-07:00,2025-05-09T13:22:34-07:00,0,12
style.css,135,css,20e66fca,tejassmani,2025-05-09,13:22:34,-07:00,2025-05-09T13:22:34-07:00,0,10
style.css,136,css,20e66fca,tejassmani,2025-05-09,13:22:34,-07:00,2025-05-09T13:22:34-07:00,1,15
style.css,137,css,20e66fca,tejassmani,2025-05-09,13:22:34,-07:00,2025-05-09T13:22:34-07:00,1,19
style.css,138,css,20e66fca,tejassmani,2025-05-09,13:22:34,-07:00,2025-05-09T13:22:34-07:00,0,0
style.css,139,css,20e66fca,tejassmani,2025-05-09,13:22:34,-07:00,2025-05-09T13:22:34-07:00,0,0
style.css,140,css,20e66fca,tejassmani,2025-05-09,13:22:34,-07:00,2025-05-09T13:22:34-07:00,0,10
style.css,141,css,20e66fca,tejassmani,2025-05-09,13:22:34,-07:00,2025-05-09T13:22:34-07:00,1,15
style.css,142,css,20e66fca,tejassmani,2025-05-09,13:22:34,-07:00,2025-05-09T13:22:34-07:00,1,16
style.css,143,css,20e66fca,tejassmani,2025-05-09,13:22:34,-07:00,2025-05-09T13:22:34-07:00,1,19
style.css,144,css,20e66fca,tejassmani,2025-05-09,13:22:34,-07:00,2025-05-09T13:22:34-07:00,1,43
style.css,145,css,20e66fca,tejassmani,2025-05-09,13:22:34,-07:00,2025-05-09T13:22:34-07:00,1,20
style.css,146,css,20e66fca,tejassmani,2025-05-09,13:22:34,-07:00,2025-05-09T13:22:34-07:00,0,0
style.css,147,css,20e66fca,tejassmani,2025-05-09,13:22:34,-07:00,2025-05-09T13:22:34-07:00,0,0
style.css,148,css,20e66fca,tejassmani,2025-05-09,13:22:34,-07:00,2025-05-09T13:22:34-07:00,0,10
style.css,149,css,20e66fca,tejassmani,2025-05-09,13:22:34,-07:00,2025-05-09T13:22:34-07:00,1,15
style.css,150,css,20e66fca,tejassmani,2025-05-09,13:22:34,-07:00,2025-05-09T13:22:34-07:00,1,14
style.css,151,css,20e66fca,tejassmani,2025-05-09,13:22:34,-07:00,2025-05-09T13:22:34-07:00,1,19
style.css,152,css,20e66fca,tejassmani,2025-05-09,13:22:34,-07:00,2025-05-09T13:22:34-07:00,0,0
style.css,153,css,20e66fca,tejassmani,2025-05-09,13:22:34,-07:00,2025-05-09T13:22:34-07:00,0,0
style.css,154,css,20e66fca,tejassmani,2025-05-09,13:22:34,-07:00,2025-05-09T13:22:34-07:00,0,43
style.css,155,css,20e66fca,tejassmani,2025-05-09,13:22:34,-07:00,2025-05-09T13:22:34-07:00,0,11
style.css,156,css,20e66fca,tejassmani,2025-05-09,13:22:34,-07:00,2025-05-09T13:22:34-07:00,0,16
style.css,157,css,20e66fca,tejassmani,2025-05-09,13:22:34,-07:00,2025-05-09T13:22:34-07:00,1,12
style.css,158,css,20e66fca,tejassmani,2025-05-09,13:22:34,-07:00,2025-05-09T13:22:34-07:00,1,30
style.css,159,css,20e66fca,tejassmani,2025-05-09,13:22:34,-07:00,2025-05-09T13:22:34-07:00,1,17
style.css,160,css,20e66fca,tejassmani,2025-05-09,13:22:34,-07:00,2025-05-09T13:22:34-07:00,1,9
style.css,161,css,20e66fca,tejassmani,2025-05-09,13:22:34,-07:00,2025-05-09T13:22:34-07:00,0,0
style.css,162,css,20e66fca,tejassmani,2025-05-09,13:22:34,-07:00,2025-05-09T13:22:34-07:00,0,0
style.css,163,css,20e66fca,tejassmani,2025-05-09,13:22:34,-07:00,2025-05-09T13:22:34-07:00,0,17
style.css,164,css,20e66fca,tejassmani,2025-05-09,13:22:34,-07:00,2025-05-09T13:22:34-07:00,0,22
style.css,165,css,20e66fca,tejassmani,2025-05-09,13:22:34,-07:00,2025-05-09T13:22:34-07:00,1,16
style.css,166,css,20e66fca,tejassmani,2025-05-09,13:22:34,-07:00,2025-05-09T13:22:34-07:00,0,0
style.css,167,css,20e66fca,tejassmani,2025-05-09,13:22:34,-07:00,2025-05-09T13:22:34-07:00,0,0
style.css,168,css,20e66fca,tejassmani,2025-05-09,13:22:34,-07:00,2025-05-09T13:22:34-07:00,0,17
style.css,169,css,20e66fca,tejassmani,2025-05-09,13:22:34,-07:00,2025-05-09T13:22:34-07:00,0,22
style.css,170,css,20e66fca,tejassmani,2025-05-09,13:22:34,-07:00,2025-05-09T13:22:34-07:00,1,16
style.css,171,css,20e66fca,tejassmani,2025-05-09,13:22:34,-07:00,2025-05-09T13:22:34-07:00,1,25
style.css,172,css,20e66fca,tejassmani,2025-05-09,13:22:34,-07:00,2025-05-09T13:22:34-07:00,1,17
style.css,173,css,20e66fca,tejassmani,2025-05-09,13:22:34,-07:00,2025-05-09T13:22:34-07:00,0,0
style.css,174,css,20e66fca,tejassmani,2025-05-09,13:22:34,-07:00,2025-05-09T13:22:34-07:00,0,0
style.css,175,css,20e66fca,tejassmani,2025-05-09,13:22:34,-07:00,2025-05-09T13:22:34-07:00,0,15
style.css,176,css,20e66fca,tejassmani,2025-05-09,13:22:34,-07:00,2025-05-09T13:22:34-07:00,0,10
style.css,177,css,20e66fca,tejassmani,2025-05-09,13:22:34,-07:00,2025-05-09T13:22:34-07:00,1,18
style.css,178,css,20e66fca,tejassmani,2025-05-09,13:22:34,-07:00,2025-05-09T13:22:34-07:00,1,14
style.css,179,css,20e66fca,tejassmani,2025-05-09,13:22:34,-07:00,2025-05-09T13:22:34-07:00,0,0
style.css,180,css,20e66fca,tejassmani,2025-05-09,13:22:34,-07:00,2025-05-09T13:22:34-07:00,0,0
style.css,181,css,20e66fca,tejassmani,2025-05-09,13:22:34,-07:00,2025-05-09T13:22:34-07:00,0,13
style.css,182,css,20e66fca,tejassmani,2025-05-09,13:22:34,-07:00,2025-05-09T13:22:34-07:00,1,20
style.css,183,css,20e66fca,tejassmani,2025-05-09,13:22:34,-07:00,2025-05-09T13:22:34-07:00,0,0
style.css,184,css,20e66fca,tejassmani,2025-05-09,13:22:34,-07:00,2025-05-09T13:22:34-07:00,0,61
style.css,185,css,20e66fca,tejassmani,2025-05-09,13:22:34,-07:00,2025-05-09T13:22:34-07:00,0,15
style.css,186,css,20e66fca,tejassmani,2025-05-09,13:22:34,-07:00,2025-05-09T13:22:34-07:00,1,9
style.css,187,css,20e66fca,tejassmani,2025-05-09,13:22:34,-07:00,2025-05-09T13:22:34-07:00,2,25
style.css,188,css,20e66fca,tejassmani,2025-05-09,13:22:34,-07:00,2025-05-09T13:22:34-07:00,2,23
style.css,189,css,20e66fca,tejassmani,2025-05-09,13:22:34,-07:00,2025-05-09T13:22:34-07:00,2,22
style.css,190,css,29ecf8fe,tejassmani,2025-04-12,16:35:09,-07:00,2025-04-12T16:35:09-07:00,0,0
style.css,191,css,29ecf8fe,tejassmani,2025-04-12,16:35:09,-07:00,2025-04-12T16:35:09-07:00,0,0
style.css,192,css,29ecf8fe,tejassmani,2025-04-12,16:35:09,-07:00,2025-04-12T16:35:09-07:00,0,21
style.css,193,css,20e66fca,tejassmani,2025-05-09,13:22:34,-07:00,2025-05-09T13:22:34-07:00,1,21
style.css,194,css,20e66fca,tejassmani,2025-05-09,13:22:34,-07:00,2025-05-09T13:22:34-07:00,2,2
style.css,195,css,20e66fca,tejassmani,2025-05-09,13:22:34,-07:00,2025-05-09T13:22:34-07:00,2,2
style.css,196,css,20e66fca,tejassmani,2025-05-09,13:22:34,-07:00,2025-05-09T13:22:34-07:00,2,2
style.css,197,css,20e66fca,tejassmani,2025-05-09,13:22:34,-07:00,2025-05-09T13:22:34-07:00,2,1
style.css,198,css,20e66fca,tejassmani,2025-05-09,13:22:34,-07:00,2025-05-09T13:22:34-07:00,1,47
style.css,199,css,29ecf8fe,tejassmani,2025-04-12,16:35:09,-07:00,2025-04-12T16:35:09-07:00,1,19
style.css,200,css,29ecf8fe,tejassmani,2025-04-12,16:35:09,-07:00,2025-04-12T16:35:09-07:00,1,20
style.css,201,css,29ecf8fe,tejassmani,2025-04-12,16:35:09,-07:00,2025-04-12T16:35:09-07:00,0,0
style.css,202,css,29ecf8fe,tejassmani,2025-04-12,16:35:09,-07:00,2025-04-12T16:35:09-07:00,0,0
style.css,203,css,29ecf8fe,tejassmani,2025-04-12,16:35:09,-07:00,2025-04-12T16:35:09-07:00,0,67
style.css,204,css,29ecf8fe,tejassmani,2025-04-12,16:35:09,-07:00,2025-04-12T16:35:09-07:00,0,17
style.css,205,css,29ecf8fe,tejassmani,2025-04-12,16:35:09,-07:00,2025-04-12T16:35:09-07:00,1,69
style.css,206,css,29ecf8fe,tejassmani,2025-04-12,16:35:09,-07:00,2025-04-12T16:35:09-07:00,1,19
style.css,207,css,29ecf8fe,tejassmani,2025-04-12,16:35:09,-07:00,2025-04-12T16:35:09-07:00,1,20
style.css,208,css,29ecf8fe,tejassmani,2025-04-12,16:35:09,-07:00,2025-04-12T16:35:09-07:00,1,37
style.css,209,css,29ecf8fe,tejassmani,2025-04-12,16:35:09,-07:00,2025-04-12T16:35:09-07:00,0,0
style.css,210,css,29ecf8fe,tejassmani,2025-04-12,16:35:09,-07:00,2025-04-12T16:35:09-07:00,0,0
style.css,211,css,407adafa,tejassmani,2025-04-17,18:39:56,-07:00,2025-04-17T18:39:56-07:00,0,13
style.css,212,css,407adafa,tejassmani,2025-04-17,18:39:56,-07:00,2025-04-17T18:39:56-07:00,1,17
style.css,213,css,407adafa,tejassmani,2025-04-17,18:39:56,-07:00,2025-04-17T18:39:56-07:00,1,8
style.css,214,css,407adafa,tejassmani,2025-04-17,18:39:56,-07:00,2025-04-17T18:39:56-07:00,1,10
style.css,215,css,407adafa,tejassmani,2025-04-17,18:39:56,-07:00,2025-04-17T18:39:56-07:00,1,13
style.css,216,css,407adafa,tejassmani,2025-04-17,18:39:56,-07:00,2025-04-17T18:39:56-07:00,1,19
style.css,217,css,407adafa,tejassmani,2025-04-17,18:39:56,-07:00,2025-04-17T18:39:56-07:00,0,0
style.css,218,css,407adafa,tejassmani,2025-04-17,18:39:56,-07:00,2025-04-17T18:39:56-07:00,0,0
style.css,219,css,407adafa,tejassmani,2025-04-17,18:39:56,-07:00,2025-04-17T18:39:56-07:00,0,20
style.css,220,css,407adafa,tejassmani,2025-04-17,18:39:56,-07:00,2025-04-17T18:39:56-07:00,1,19
style.css,221,css,407adafa,tejassmani,2025-04-17,18:39:56,-07:00,2025-04-17T18:39:56-07:00,0,0
style.css,222,css,407adafa,tejassmani,2025-04-17,18:39:56,-07:00,2025-04-17T18:39:56-07:00,0,26
style.css,223,css,407adafa,tejassmani,2025-04-17,18:39:56,-07:00,2025-04-17T18:39:56-07:00,1,69
style.css,224,css,407adafa,tejassmani,2025-04-17,18:39:56,-07:00,2025-04-17T18:39:56-07:00,0,0
style.css,225,css,29ecf8fe,tejassmani,2025-04-12,16:35:09,-07:00,2025-04-12T16:35:09-07:00,0,0
style.css,226,css,6e0195c2,tejassmani,2025-04-25,11:50:20,-07:00,2025-04-25T11:50:20-07:00,0,14
style.css,227,css,6e0195c2,tejassmani,2025-04-25,11:50:20,-07:00,2025-04-25T11:50:20-07:00,1,12
style.css,228,css,6e0195c2,tejassmani,2025-04-25,11:50:20,-07:00,2025-04-25T11:50:20-07:00,1,36
style.css,229,css,6e0195c2,tejassmani,2025-04-25,11:50:20,-07:00,2025-04-25T11:50:20-07:00,1,17
style.css,230,css,6e0195c2,tejassmani,2025-04-25,11:50:20,-07:00,2025-04-25T11:50:20-07:00,1,8
style.css,231,css,6e0195c2,tejassmani,2025-04-25,11:50:20,-07:00,2025-04-25T11:50:20-07:00,1,17
style.css,232,css,6e0195c2,tejassmani,2025-04-25,11:50:20,-07:00,2025-04-25T11:50:20-07:00,0,0
style.css,233,css,6e0195c2,tejassmani,2025-04-25,11:50:20,-07:00,2025-04-25T11:50:20-07:00,0,0
style.css,234,css,6e0195c2,tejassmani,2025-04-25,11:50:20,-07:00,2025-04-25T11:50:20-07:00,0,17
style.css,235,css,6e0195c2,tejassmani,2025-04-25,11:50:20,-07:00,2025-04-25T11:50:20-07:00,1,17
style.css,236,css,6e0195c2,tejassmani,2025-04-25,11:50:20,-07:00,2025-04-25T11:50:20-07:00,1,24
style.css,237,css,6e0195c2,tejassmani,2025-04-25,11:50:20,-07:00,2025-04-25T11:50:20-07:00,1,31
style.css,238,css,6e0195c2,tejassmani,2025-04-25,11:50:20,-07:00,2025-04-25T11:50:20-07:00,1,10
style.css,239,css,6e0195c2,tejassmani,2025-04-25,11:50:20,-07:00,2025-04-25T11:50:20-07:00,0,0
style.css,240,css,6e0195c2,tejassmani,2025-04-25,11:50:20,-07:00,2025-04-25T11:50:20-07:00,0,0
style.css,241,css,6e0195c2,tejassmani,2025-04-25,11:50:20,-07:00,2025-04-25T11:50:20-07:00,0,17
style.css,242,css,6e0195c2,tejassmani,2025-04-25,11:50:20,-07:00,2025-04-25T11:50:20-07:00,1,14
style.css,243,css,6e0195c2,tejassmani,2025-04-25,11:50:20,-07:00,2025-04-25T11:50:20-07:00,1,16
style.css,244,css,6e0195c2,tejassmani,2025-04-25,11:50:20,-07:00,2025-04-25T11:50:20-07:00,1,8
style.css,245,css,6e0195c2,tejassmani,2025-04-25,11:50:20,-07:00,2025-04-25T11:50:20-07:00,1,10
style.css,246,css,6e0195c2,tejassmani,2025-04-25,11:50:20,-07:00,2025-04-25T11:50:20-07:00,0,0
style.css,247,css,f22d814d,tejassmani,2025-05-02,22:24:37,-07:00,2025-05-02T22:24:37-07:00,0,13
style.css,248,css,f22d814d,tejassmani,2025-05-02,22:24:37,-07:00,2025-05-02T22:24:37-07:00,1,10
style.css,249,css,f22d814d,tejassmani,2025-05-02,22:24:37,-07:00,2025-05-02T22:24:37-07:00,1,30
style.css,250,css,f22d814d,tejassmani,2025-05-02,22:24:37,-07:00,2025-05-02T22:24:37-07:00,1,17
style.css,251,css,f22d814d,tejassmani,2025-05-02,22:24:37,-07:00,2025-05-02T22:24:37-07:00,0,0
style.css,252,css,29ecf8fe,tejassmani,2025-04-12,16:35:09,-07:00,2025-04-12T16:35:09-07:00,0,0
style.css,253,css,f22d814d,tejassmani,2025-05-02,22:24:37,-07:00,2025-05-02T22:24:37-07:00,0,15
style.css,254,css,f22d814d,tejassmani,2025-05-02,22:24:37,-07:00,2025-05-02T22:24:37-07:00,1,8
style.css,255,css,f22d814d,tejassmani,2025-05-02,22:24:37,-07:00,2025-05-02T22:24:37-07:00,0,0
style.css,256,css,f22d814d,tejassmani,2025-05-02,22:24:37,-07:00,2025-05-02T22:24:37-07:00,0,14
style.css,257,css,20e66fca,tejassmani,2025-05-09,13:22:34,-07:00,2025-05-09T13:22:34-07:00,1,47
style.css,258,css,f22d814d,tejassmani,2025-05-02,22:24:37,-07:00,2025-05-02T22:24:37-07:00,1,16
style.css,259,css,f22d814d,tejassmani,2025-05-02,22:24:37,-07:00,2025-05-02T22:24:37-07:00,1,16
style.css,260,css,f22d814d,tejassmani,2025-05-02,22:24:37,-07:00,2025-05-02T22:24:37-07:00,0,0
style.css,261,css,f22d814d,tejassmani,2025-05-02,22:24:37,-07:00,2025-05-02T22:24:37-07:00,0,0
style.css,262,css,f22d814d,tejassmani,2025-05-02,22:24:37,-07:00,2025-05-02T22:24:37-07:00,0,20
style.css,263,css,f22d814d,tejassmani,2025-05-02,22:24:37,-07:00,2025-05-02T22:24:37-07:00,0,10
style.css,264,css,f22d814d,tejassmani,2025-05-02,22:24:37,-07:00,2025-05-02T22:24:37-07:00,1,12
style.css,265,css,f22d814d,tejassmani,2025-05-02,22:24:37,-07:00,2025-05-02T22:24:37-07:00,1,18
style.css,266,css,f22d814d,tejassmani,2025-05-02,22:24:37,-07:00,2025-05-02T22:24:37-07:00,1,8
style.css,267,css,f22d814d,tejassmani,2025-05-02,22:24:37,-07:00,2025-05-02T22:24:37-07:00,0,0
style.css,268,css,f22d814d,tejassmani,2025-05-02,22:24:37,-07:00,2025-05-02T22:24:37-07:00,0,0
style.css,269,css,f22d814d,tejassmani,2025-05-02,22:24:37,-07:00,2025-05-02T22:24:37-07:00,0,17
style.css,270,css,f22d814d,tejassmani,2025-05-02,22:24:37,-07:00,2025-05-02T22:24:37-07:00,0,7
style.css,271,css,f22d814d,tejassmani,2025-05-02,22:24:37,-07:00,2025-05-02T22:24:37-07:00,1,12
style.css,272,css,f22d814d,tejassmani,2025-05-02,22:24:37,-07:00,2025-05-02T22:24:37-07:00,1,57
style.css,273,css,f22d814d,tejassmani,2025-05-02,22:24:37,-07:00,2025-05-02T22:24:37-07:00,1,21
style.css,274,css,f22d814d,tejassmani,2025-05-02,22:24:37,-07:00,2025-05-02T22:24:37-07:00,1,12
style.css,275,css,f22d814d,tejassmani,2025-05-02,22:24:37,-07:00,2025-05-02T22:24:37-07:00,1,8
style.css,276,css,f22d814d,tejassmani,2025-05-02,22:24:37,-07:00,2025-05-02T22:24:37-07:00,1,15
style.css,277,css,f22d814d,tejassmani,2025-05-02,22:24:37,-07:00,2025-05-02T22:24:37-07:00,1,8
style.css,278,css,f22d814d,tejassmani,2025-05-02,22:24:37,-07:00,2025-05-02T22:24:37-07:00,1,6
style.css,279,css,f22d814d,tejassmani,2025-05-02,22:24:37,-07:00,2025-05-02T22:24:37-07:00,0,0
style.css,280,css,f22d814d,tejassmani,2025-05-02,22:24:37,-07:00,2025-05-02T22:24:37-07:00,0,0
style.css,281,css,f22d814d,tejassmani,2025-05-02,22:24:37,-07:00,2025-05-02T22:24:37-07:00,0,26
style.css,282,css,f22d814d,tejassmani,2025-05-02,22:24:37,-07:00,2025-05-02T22:24:37-07:00,0,12
style.css,283,css,f22d814d,tejassmani,2025-05-02,22:24:37,-07:00,2025-05-02T22:24:37-07:00,1,12
style.css,284,css,f22d814d,tejassmani,2025-05-02,22:24:37,-07:00,2025-05-02T22:24:37-07:00,1,18
style.css,285,css,f22d814d,tejassmani,2025-05-02,22:24:37,-07:00,2025-05-02T22:24:37-07:00,1,10
style.css,286,css,f22d814d,tejassmani,2025-05-02,22:24:37,-07:00,2025-05-02T22:24:37-07:00,0,0
style.css,287,css,f22d814d,tejassmani,2025-05-02,22:24:37,-07:00,2025-05-02T22:24:37-07:00,0,0
style.css,288,css,f22d814d,tejassmani,2025-05-02,22:24:37,-07:00,2025-05-02T22:24:37-07:00,0,18
style.css,289,css,f22d814d,tejassmani,2025-05-02,22:24:37,-07:00,2025-05-02T22:24:37-07:00,0,7
style.css,290,css,f22d814d,tejassmani,2025-05-02,22:24:37,-07:00,2025-05-02T22:24:37-07:00,1,20
style.css,291,css,f22d814d,tejassmani,2025-05-02,22:24:37,-07:00,2025-05-02T22:24:37-07:00,1,9
style.css,292,css,f22d814d,tejassmani,2025-05-02,22:24:37,-07:00,2025-05-02T22:24:37-07:00,1,10
style.css,293,css,f22d814d,tejassmani,2025-05-02,22:24:37,-07:00,2025-05-02T22:24:37-07:00,1,29
style.css,294,css,f22d814d,tejassmani,2025-05-02,22:24:37,-07:00,2025-05-02T22:24:37-07:00,1,20
style.css,295,css,f22d814d,tejassmani,2025-05-02,22:24:37,-07:00,2025-05-02T22:24:37-07:00,0,0
style.css,296,css,f22d814d,tejassmani,2025-05-02,22:24:37,-07:00,2025-05-02T22:24:37-07:00,0,10
style.css,297,css,f22d814d,tejassmani,2025-05-02,22:24:37,-07:00,2025-05-02T22:24:37-07:00,1,17
style.css,298,css,f22d814d,tejassmani,2025-05-02,22:24:37,-07:00,2025-05-02T22:24:37-07:00,1,14
style.css,299,css,f22d814d,tejassmani,2025-05-02,22:24:37,-07:00,2025-05-02T22:24:37-07:00,1,17
style.css,300,css,f22d814d,tejassmani,2025-05-02,22:24:37,-07:00,2025-05-02T22:24:37-07:00,1,21
style.css,301,css,f22d814d,tejassmani,2025-05-02,22:24:37,-07:00,2025-05-02T22:24:37-07:00,1,56
style.css,302,css,f22d814d,tejassmani,2025-05-02,22:24:37,-07:00,2025-05-02T22:24:37-07:00,1,65
style.css,303,css,f22d814d,tejassmani,2025-05-02,22:24:37,-07:00,2025-05-02T22:24:37-07:00,1,41
style.css,304,css,f22d814d,tejassmani,2025-05-02,22:24:37,-07:00,2025-05-02T22:24:37-07:00,0,0
style.css,305,css,f22d814d,tejassmani,2025-05-02,22:24:37,-07:00,2025-05-02T22:24:37-07:00,0,17
style.css,306,css,f22d814d,tejassmani,2025-05-02,22:24:37,-07:00,2025-05-02T22:24:37-07:00,1,16
style.css,307,css,f22d814d,tejassmani,2025-05-02,22:24:37,-07:00,2025-05-02T22:24:37-07:00,2,11
style.css,308,css,f22d814d,tejassmani,2025-05-02,22:24:37,-07:00,2025-05-02T22:24:37-07:00,1,0
style.css,309,css,f22d814d,tejassmani,2025-05-02,22:24:37,-07:00,2025-05-02T22:24:37-07:00,0,0
style.css,310,css,f22d814d,tejassmani,2025-05-02,22:24:37,-07:00,2025-05-02T22:24:37-07:00,0,4
style.css,311,css,f22d814d,tejassmani,2025-05-02,22:24:37,-07:00,2025-05-02T22:24:37-07:00,1,16
style.css,312,css,f22d814d,tejassmani,2025-05-02,22:24:37,-07:00,2025-05-02T22:24:37-07:00,0,0
style.css,313,css,f22d814d,tejassmani,2025-05-02,22:24:37,-07:00,2025-05-02T22:24:37-07:00,0,9
style.css,314,css,f22d814d,tejassmani,2025-05-02,22:24:37,-07:00,2025-05-02T22:24:37-07:00,1,35
style.css,315,css,f22d814d,tejassmani,2025-05-02,22:24:37,-07:00,2025-05-02T22:24:37-07:00,0,0
style.css,316,css,f22d814d,tejassmani,2025-05-02,22:24:37,-07:00,2025-05-02T22:24:37-07:00,1,10
style.css,317,css,f22d814d,tejassmani,2025-05-02,22:24:37,-07:00,2025-05-02T22:24:37-07:00,2,17
style.css,318,css,f22d814d,tejassmani,2025-05-02,22:24:37,-07:00,2025-05-02T22:24:37-07:00,1,0
style.css,319,css,f22d814d,tejassmani,2025-05-02,22:24:37,-07:00,2025-05-02T22:24:37-07:00,0,0
style.css,320,css,f22d814d,tejassmani,2025-05-02,22:24:37,-07:00,2025-05-02T22:24:37-07:00,0,10
style.css,321,css,f22d814d,tejassmani,2025-05-02,22:24:37,-07:00,2025-05-02T22:24:37-07:00,1,9
style.css,322,css,f22d814d,tejassmani,2025-05-02,22:24:37,-07:00,2025-05-02T22:24:37-07:00,1,24
style.css,323,css,f22d814d,tejassmani,2025-05-02,22:24:37,-07:00,2025-05-02T22:24:37-07:00,0,0
style.css,324,css,f22d814d,tejassmani,2025-05-02,22:24:37,-07:00,2025-05-02T22:24:37-07:00,0,0
style.css,325,css,f22d814d,tejassmani,2025-05-02,22:24:37,-07:00,2025-05-02T22:24:37-07:00,0,19
style.css,326,css,f22d814d,tejassmani,2025-05-02,22:24:37,-07:00,2025-05-02T22:24:37-07:00,1,12
style.css,327,css,f22d814d,tejassmani,2025-05-02,22:24:37,-07:00,2025-05-02T22:24:37-07:00,1,14
style.css,328,css,f22d814d,tejassmani,2025-05-02,22:24:37,-07:00,2025-05-02T22:24:37-07:00,1,11
style.css,329,css,f22d814d,tejassmani,2025-05-02,22:24:37,-07:00,2025-05-02T22:24:37-07:00,0,0
index.js,1,js,20e66fca,tejassmani,2025-05-09,13:22:34,-07:00,2025-05-09T13:22:34-07:00,0,71
index.js,2,js,20e66fca,tejassmani,2025-05-09,13:22:34,-07:00,2025-05-09T13:22:34-07:00,0,54
index.js,3,js,6e0195c2,tejassmani,2025-04-25,11:50:20,-07:00,2025-04-25T11:50:20-07:00,0,42
index.js,4,js,20e66fca,tejassmani,2025-05-09,13:22:34,-07:00,2025-05-09T13:22:34-07:00,0,60
index.js,5,js,20e66fca,tejassmani,2025-05-09,13:22:34,-07:00,2025-05-09T13:22:34-07:00,0,54
index.js,6,js,6e0195c2,tejassmani,2025-04-25,11:50:20,-07:00,2025-04-25T11:50:20-07:00,0,0
index.js,7,js,20e66fca,tejassmani,2025-05-09,13:22:34,-07:00,2025-05-09T13:22:34-07:00,0,53
index.js,8,js,20e66fca,tejassmani,2025-05-09,13:22:34,-07:00,2025-05-09T13:22:34-07:00,0,60
index.js,9,js,6e0195c2,tejassmani,2025-04-25,11:50:20,-07:00,2025-04-25T11:50:20-07:00,0,0
index.js,10,js,6e0195c2,tejassmani,2025-04-25,11:50:20,-07:00,2025-04-25T11:50:20-07:00,0,17
index.js,11,js,20e66fca,tejassmani,2025-05-09,13:22:34,-07:00,2025-05-09T13:22:34-07:00,1,24
index.js,12,js,6e0195c2,tejassmani,2025-04-25,11:50:20,-07:00,2025-04-25T11:50:20-07:00,5,2
index.js,13,js,6e0195c2,tejassmani,2025-04-25,11:50:20,-07:00,2025-04-25T11:50:20-07:00,6,55
index.js,14,js,6e0195c2,tejassmani,2025-04-25,11:50:20,-07:00,2025-04-25T11:50:20-07:00,6,55
index.js,15,js,6e0195c2,tejassmani,2025-04-25,11:50:20,-07:00,2025-04-25T11:50:20-07:00,6,49
index.js,16,js,6e0195c2,tejassmani,2025-04-25,11:50:20,-07:00,2025-04-25T11:50:20-07:00,6,49
index.js,17,js,6e0195c2,tejassmani,2025-04-25,11:50:20,-07:00,2025-04-25T11:50:20-07:00,6,51
index.js,18,js,6e0195c2,tejassmani,2025-04-25,11:50:20,-07:00,2025-04-25T11:50:20-07:00,5,3
index.js,19,js,6e0195c2,tejassmani,2025-04-25,11:50:20,-07:00,2025-04-25T11:50:20-07:00,3,0
index.js,20,js,20e66fca,tejassmani,2025-05-09,13:22:34,-07:00,2025-05-09T13:22:34-07:00,0,0
index.html,1,html,20e66fca,tejassmani,2025-05-09,13:22:34,-07:00,2025-05-09T13:22:34-07:00,0,13
index.html,2,html,f82127f9,tejassmani,2025-04-04,18:12:33,-07:00,2025-04-04T18:12:33-07:00,0,14
index.html,3,html,20e66fca,tejassmani,2025-05-09,13:22:34,-07:00,2025-05-09T13:22:34-07:00,1,4
index.html,4,html,20e66fca,tejassmani,2025-05-09,13:22:34,-07:00,2025-05-09T13:22:34-07:00,2,22
index.html,5,html,20e66fca,tejassmani,2025-05-09,13:22:34,-07:00,2025-05-09T13:22:34-07:00,2,70
index.html,6,html,f82127f9,tejassmani,2025-04-04,18:12:33,-07:00,2025-04-04T18:12:33-07:00,2,47
index.html,7,html,20e66fca,tejassmani,2025-05-09,13:22:34,-07:00,2025-05-09T13:22:34-07:00,2,40
index.html,8,html,e184888b,tejassmani,2025-04-17,16:45:23,-07:00,2025-04-17T16:45:23-07:00,2,45
index.html,9,html,6e0195c2,tejassmani,2025-04-25,11:50:20,-07:00,2025-04-25T11:50:20-07:00,2,50
index.html,10,html,20e66fca,tejassmani,2025-05-09,13:22:34,-07:00,2025-05-09T13:22:34-07:00,1,5
index.html,11,html,6e0195c2,tejassmani,2025-04-25,11:50:20,-07:00,2025-04-25T11:50:20-07:00,0,0
index.html,12,html,20e66fca,tejassmani,2025-05-09,13:22:34,-07:00,2025-05-09T13:22:34-07:00,1,4
index.html,13,html,b6edab3e,tejassmani,2025-04-12,15:52:24,-07:00,2025-04-12T15:52:24-07:00,2,17
index.html,14,html,20e66fca,tejassmani,2025-05-09,13:22:34,-07:00,2025-05-09T13:22:34-07:00,2,2
index.html,15,html,20e66fca,tejassmani,2025-05-09,13:22:34,-07:00,2025-05-09T13:22:34-07:00,3,26
index.html,16,html,20e66fca,tejassmani,2025-05-09,13:22:34,-07:00,2025-05-09T13:22:34-07:00,3,45
index.html,17,html,20e66fca,tejassmani,2025-05-09,13:22:34,-07:00,2025-05-09T13:22:34-07:00,3,9
index.html,18,html,20e66fca,tejassmani,2025-05-09,13:22:34,-07:00,2025-05-09T13:22:34-07:00,3,10
index.html,19,html,20e66fca,tejassmani,2025-05-09,13:22:34,-07:00,2025-05-09T13:22:34-07:00,2,0
index.html,20,html,20e66fca,tejassmani,2025-05-09,13:22:34,-07:00,2025-05-09T13:22:34-07:00,2,1
index.html,21,html,20e66fca,tejassmani,2025-05-09,13:22:34,-07:00,2025-05-09T13:22:34-07:00,3,70
index.html,22,html,20e66fca,tejassmani,2025-05-09,13:22:34,-07:00,2025-05-09T13:22:34-07:00,3,66
index.html,23,html,20e66fca,tejassmani,2025-05-09,13:22:34,-07:00,2025-05-09T13:22:34-07:00,3,67
index.html,24,html,20e66fca,tejassmani,2025-05-09,13:22:34,-07:00,2025-05-09T13:22:34-07:00,3,58
index.html,25,html,20e66fca,tejassmani,2025-05-09,13:22:34,-07:00,2025-05-09T13:22:34-07:00,2,2
index.html,26,html,6e0195c2,tejassmani,2025-04-25,11:50:20,-07:00,2025-04-25T11:50:20-07:00,2,22
index.html,27,html,6e0195c2,tejassmani,2025-04-25,11:50:20,-07:00,2025-04-25T11:50:20-07:00,2,20
index.html,28,html,20e66fca,tejassmani,2025-05-09,13:22:34,-07:00,2025-05-09T13:22:34-07:00,3,49
index.html,29,html,6e0195c2,tejassmani,2025-04-25,11:50:20,-07:00,2025-04-25T11:50:20-07:00,2,4
index.html,30,html,6e0195c2,tejassmani,2025-04-25,11:50:20,-07:00,2025-04-25T11:50:20-07:00,2,7
index.html,31,html,20e66fca,tejassmani,2025-05-09,13:22:34,-07:00,2025-05-09T13:22:34-07:00,3,22
index.html,32,html,20e66fca,tejassmani,2025-05-09,13:22:34,-07:00,2025-05-09T13:22:34-07:00,3,21
index.html,33,html,20e66fca,tejassmani,2025-05-09,13:22:34,-07:00,2025-05-09T13:22:34-07:00,4,16
index.html,34,html,20e66fca,tejassmani,2025-05-09,13:22:34,-07:00,2025-05-09T13:22:34-07:00,4,12
index.html,35,html,20e66fca,tejassmani,2025-05-09,13:22:34,-07:00,2025-05-09T13:22:34-07:00,4,16
index.html,36,html,20e66fca,tejassmani,2025-05-09,13:22:34,-07:00,2025-05-09T13:22:34-07:00,4,9
index.html,37,html,20e66fca,tejassmani,2025-05-09,13:22:34,-07:00,2025-05-09T13:22:34-07:00,4,19
index.html,38,html,20e66fca,tejassmani,2025-05-09,13:22:34,-07:00,2025-05-09T13:22:34-07:00,4,9
index.html,39,html,20e66fca,tejassmani,2025-05-09,13:22:34,-07:00,2025-05-09T13:22:34-07:00,4,19
index.html,40,html,20e66fca,tejassmani,2025-05-09,13:22:34,-07:00,2025-05-09T13:22:34-07:00,4,10
index.html,41,html,20e66fca,tejassmani,2025-05-09,13:22:34,-07:00,2025-05-09T13:22:34-07:00,3,3
index.html,42,html,20e66fca,tejassmani,2025-05-09,13:22:34,-07:00,2025-05-09T13:22:34-07:00,2,8
index.html,43,html,20e66fca,tejassmani,2025-05-09,13:22:34,-07:00,2025-05-09T13:22:34-07:00,1,5
index.html,44,html,20e66fca,tejassmani,2025-05-09,13:22:34,-07:00,2025-05-09T13:22:34-07:00,0,5
global.js,1,js,20e66fca,tejassmani,2025-05-09,13:22:34,-07:00,2025-05-09T13:22:34-07:00,0,25
global.js,2,js,e184888b,tejassmani,2025-04-17,16:45:23,-07:00,2025-04-17T16:45:23-07:00,0,0
global.js,3,js,e184888b,tejassmani,2025-04-17,16:45:23,-07:00,2025-04-17T16:45:23-07:00,0,41
global.js,4,js,e184888b,tejassmani,2025-04-17,16:45:23,-07:00,2025-04-17T16:45:23-07:00,1,52
global.js,5,js,e184888b,tejassmani,2025-04-17,16:45:23,-07:00,2025-04-17T16:45:23-07:00,0,0
global.js,6,js,e184888b,tejassmani,2025-04-17,16:45:23,-07:00,2025-04-17T16:45:23-07:00,0,0
global.js,7,js,20e66fca,tejassmani,2025-05-09,13:22:34,-07:00,2025-05-09T13:22:34-07:00,0,15
global.js,8,js,20e66fca,tejassmani,2025-05-09,13:22:34,-07:00,2025-05-09T13:22:34-07:00,1,68
global.js,9,js,20e66fca,tejassmani,2025-05-09,13:22:34,-07:00,2025-05-09T13:22:34-07:00,2,19
global.js,10,js,20e66fca,tejassmani,2025-05-09,13:22:34,-07:00,2025-05-09T13:22:34-07:00,2,40
global.js,11,js,407adafa,tejassmani,2025-04-17,18:39:56,-07:00,2025-04-17T18:39:56-07:00,0,0
global.js,12,js,407adafa,tejassmani,2025-04-17,18:39:56,-07:00,2025-04-17T18:39:56-07:00,0,11
global.js,13,js,6e0195c2,tejassmani,2025-04-25,11:50:20,-07:00,2025-04-25T11:50:20-07:00,1,25
global.js,14,js,6e0195c2,tejassmani,2025-04-25,11:50:20,-07:00,2025-04-25T11:50:20-07:00,1,38
global.js,15,js,6e0195c2,tejassmani,2025-04-25,11:50:20,-07:00,2025-04-25T11:50:20-07:00,1,34
global.js,16,js,6e0195c2,tejassmani,2025-04-25,11:50:20,-07:00,2025-04-25T11:50:20-07:00,1,36
global.js,17,js,a0b9e10a,tejassmani,2025-05-09,13:00:19,-07:00,2025-05-09T13:00:19-07:00,1,30
global.js,18,js,20e66fca,tejassmani,2025-05-09,13:22:34,-07:00,2025-05-09T13:22:34-07:00,1,56
global.js,19,js,6e0195c2,tejassmani,2025-04-25,11:50:20,-07:00,2025-04-25T11:50:20-07:00,0,0
global.js,20,js,407adafa,tejassmani,2025-04-17,18:39:56,-07:00,2025-04-17T18:39:56-07:00,0,0
global.js,21,js,407adafa,tejassmani,2025-04-17,18:39:56,-07:00,2025-04-17T18:39:56-07:00,0,38
global.js,22,js,407adafa,tejassmani,2025-04-17,18:39:56,-07:00,2025-04-17T18:39:56-07:00,0,25
global.js,23,js,407adafa,tejassmani,2025-04-17,18:39:56,-07:00,2025-04-17T18:39:56-07:00,0,0
global.js,24,js,407adafa,tejassmani,2025-04-17,18:39:56,-07:00,2025-04-17T18:39:56-07:00,0,20
global.js,25,js,6e0195c2,tejassmani,2025-04-25,11:50:20,-07:00,2025-04-25T11:50:20-07:00,1,14
global.js,26,js,6e0195c2,tejassmani,2025-04-25,11:50:20,-07:00,2025-04-25T11:50:20-07:00,1,18
global.js,27,js,407adafa,tejassmani,2025-04-17,18:39:56,-07:00,2025-04-17T18:39:56-07:00,0,0
global.js,28,js,6e0195c2,tejassmani,2025-04-25,11:50:20,-07:00,2025-04-25T11:50:20-07:00,1,52
global.js,29,js,407adafa,tejassmani,2025-04-17,18:39:56,-07:00,2025-04-17T18:39:56-07:00,0,0
global.js,30,js,6e0195c2,tejassmani,2025-04-25,11:50:20,-07:00,2025-04-25T11:50:20-07:00,1,34
global.js,31,js,6e0195c2,tejassmani,2025-04-25,11:50:20,-07:00,2025-04-25T11:50:20-07:00,1,11
global.js,32,js,6e0195c2,tejassmani,2025-04-25,11:50:20,-07:00,2025-04-25T11:50:20-07:00,1,20
global.js,33,js,20e66fca,tejassmani,2025-05-09,13:22:34,-07:00,2025-05-09T13:22:34-07:00,1,17
global.js,34,js,20e66fca,tejassmani,2025-05-09,13:22:34,-07:00,2025-05-09T13:22:34-07:00,2,8
global.js,35,js,20e66fca,tejassmani,2025-05-09,13:22:34,-07:00,2025-05-09T13:22:34-07:00,2,59
global.js,36,js,20e66fca,tejassmani,2025-05-09,13:22:34,-07:00,2025-05-09T13:22:34-07:00,1,0
global.js,37,js,407adafa,tejassmani,2025-04-17,18:39:56,-07:00,2025-04-17T18:39:56-07:00,0,0
global.js,38,js,6e0195c2,tejassmani,2025-04-25,11:50:20,-07:00,2025-04-25T11:50:20-07:00,1,29
global.js,39,js,6e0195c2,tejassmani,2025-04-25,11:50:20,-07:00,2025-04-25T11:50:20-07:00,2,18
global.js,40,js,407adafa,tejassmani,2025-04-17,18:39:56,-07:00,2025-04-17T18:39:56-07:00,1,0
global.js,41,js,407adafa,tejassmani,2025-04-17,18:39:56,-07:00,2025-04-17T18:39:56-07:00,0,0
global.js,42,js,6e0195c2,tejassmani,2025-04-25,11:50:20,-07:00,2025-04-25T11:50:20-07:00,1,12
global.js,43,js,6e0195c2,tejassmani,2025-04-25,11:50:20,-07:00,2025-04-25T11:50:20-07:00,0,0
global.js,44,js,6e0195c2,tejassmani,2025-04-25,11:50:20,-07:00,2025-04-25T11:50:20-07:00,0,0
global.js,45,js,6e0195c2,tejassmani,2025-04-25,11:50:20,-07:00,2025-04-25T11:50:20-07:00,0,31
global.js,46,js,20e66fca,tejassmani,2025-05-09,13:22:34,-07:00,2025-05-09T13:22:34-07:00,1,11
global.js,47,js,6e0195c2,tejassmani,2025-04-25,11:50:20,-07:00,2025-04-25T11:50:20-07:00,1,0
global.js,48,js,6e0195c2,tejassmani,2025-04-25,11:50:20,-07:00,2025-04-25T11:50:20-07:00,2,26
global.js,49,js,6e0195c2,tejassmani,2025-04-25,11:50:20,-07:00,2025-04-25T11:50:20-07:00,3,4
global.js,50,js,6e0195c2,tejassmani,2025-04-25,11:50:20,-07:00,2025-04-25T11:50:20-07:00,3,6
global.js,51,js,6e0195c2,tejassmani,2025-04-25,11:50:20,-07:00,2025-04-25T11:50:20-07:00,4,43
global.js,52,js,6e0195c2,tejassmani,2025-04-25,11:50:20,-07:00,2025-04-25T11:50:20-07:00,4,34
global.js,53,js,6e0195c2,tejassmani,2025-04-25,11:50:20,-07:00,2025-04-25T11:50:20-07:00,4,32
global.js,54,js,6e0195c2,tejassmani,2025-04-25,11:50:20,-07:00,2025-04-25T11:50:20-07:00,3,7
global.js,55,js,6e0195c2,tejassmani,2025-04-25,11:50:20,-07:00,2025-04-25T11:50:20-07:00,2,8
global.js,56,js,6e0195c2,tejassmani,2025-04-25,11:50:20,-07:00,2025-04-25T11:50:20-07:00,0,0
global.js,57,js,6e0195c2,tejassmani,2025-04-25,11:50:20,-07:00,2025-04-25T11:50:20-07:00,0,0
global.js,58,js,20e66fca,tejassmani,2025-05-09,13:22:34,-07:00,2025-05-09T13:22:34-07:00,0,60
global.js,59,js,6e0195c2,tejassmani,2025-04-25,11:50:20,-07:00,2025-04-25T11:50:20-07:00,0,0
global.js,60,js,6e0195c2,tejassmani,2025-04-25,11:50:20,-07:00,2025-04-25T11:50:20-07:00,0,31
global.js,61,js,20e66fca,tejassmani,2025-05-09,13:22:34,-07:00,2025-05-09T13:22:34-07:00,1,65
global.js,62,js,20e66fca,tejassmani,2025-05-09,13:22:34,-07:00,2025-05-09T13:22:34-07:00,1,42
global.js,63,js,6e0195c2,tejassmani,2025-04-25,11:50:20,-07:00,2025-04-25T11:50:20-07:00,1,20
global.js,64,js,6e0195c2,tejassmani,2025-04-25,11:50:20,-07:00,2025-04-25T11:50:20-07:00,0,0
global.js,65,js,407adafa,tejassmani,2025-04-17,18:39:56,-07:00,2025-04-17T18:39:56-07:00,0,0
global.js,66,js,20e66fca,tejassmani,2025-05-09,13:22:34,-07:00,2025-05-09T13:22:34-07:00,0,48
global.js,67,js,6e0195c2,tejassmani,2025-04-25,11:50:20,-07:00,2025-04-25T11:50:20-07:00,0,10
global.js,68,js,6e0195c2,tejassmani,2025-04-25,11:50:20,-07:00,2025-04-25T11:50:20-07:00,1,20
global.js,69,js,6e0195c2,tejassmani,2025-04-25,11:50:20,-07:00,2025-04-25T11:50:20-07:00,0,0
global.js,70,js,407adafa,tejassmani,2025-04-17,18:39:56,-07:00,2025-04-17T18:39:56-07:00,0,0
global.js,71,js,20e66fca,tejassmani,2025-05-09,13:22:34,-07:00,2025-05-09T13:22:34-07:00,0,49
global.js,72,js,20e66fca,tejassmani,2025-05-09,13:22:34,-07:00,2025-05-09T13:22:34-07:00,1,57
global.js,73,js,6e0195c2,tejassmani,2025-04-25,11:50:20,-07:00,2025-04-25T11:50:20-07:00,1,33
global.js,74,js,6e0195c2,tejassmani,2025-04-25,11:50:20,-07:00,2025-04-25T11:50:20-07:00,0,1
global.js,75,js,d206d8e9,tejassmani,2025-04-18,21:43:04,-07:00,2025-04-18T21:43:04-07:00,0,0
global.js,76,js,20e66fca,tejassmani,2025-05-09,13:22:34,-07:00,2025-05-09T13:22:34-07:00,0,51
global.js,77,js,d206d8e9,tejassmani,2025-04-18,21:43:04,-07:00,2025-04-18T21:43:04-07:00,0,0
global.js,78,js,20e66fca,tejassmani,2025-05-09,13:22:34,-07:00,2025-05-09T13:22:34-07:00,0,43
global.js,79,js,d206d8e9,tejassmani,2025-04-18,21:43:04,-07:00,2025-04-18T21:43:04-07:00,1,21
global.js,80,js,d206d8e9,tejassmani,2025-04-18,21:43:04,-07:00,2025-04-18T21:43:04-07:00,0,0
global.js,81,js,d206d8e9,tejassmani,2025-04-18,21:43:04,-07:00,2025-04-18T21:43:04-07:00,1,30
global.js,82,js,d206d8e9,tejassmani,2025-04-18,21:43:04,-07:00,2025-04-18T21:43:04-07:00,1,16
global.js,83,js,d206d8e9,tejassmani,2025-04-18,21:43:04,-07:00,2025-04-18T21:43:04-07:00,0,0
global.js,84,js,d206d8e9,tejassmani,2025-04-18,21:43:04,-07:00,2025-04-18T21:43:04-07:00,1,31
global.js,85,js,d206d8e9,tejassmani,2025-04-18,21:43:04,-07:00,2025-04-18T21:43:04-07:00,2,50
global.js,86,js,d206d8e9,tejassmani,2025-04-18,21:43:04,-07:00,2025-04-18T21:43:04-07:00,1,0
global.js,87,js,d206d8e9,tejassmani,2025-04-18,21:43:04,-07:00,2025-04-18T21:43:04-07:00,0,0
global.js,88,js,20e66fca,tejassmani,2025-05-09,13:22:34,-07:00,2025-05-09T13:22:34-07:00,1,47
global.js,89,js,d206d8e9,tejassmani,2025-04-18,21:43:04,-07:00,2025-04-18T21:43:04-07:00,1,18
global.js,90,js,d206d8e9,tejassmani,2025-04-18,21:43:04,-07:00,2025-04-18T21:43:04-07:00,0,1
global.js,91,js,d206d8e9,tejassmani,2025-04-18,21:43:04,-07:00,2025-04-18T21:43:04-07:00,0,0
global.js,92,js,6e0195c2,tejassmani,2025-04-25,11:50:20,-07:00,2025-04-25T11:50:20-07:00,0,36
global.js,93,js,6e0195c2,tejassmani,2025-04-25,11:50:20,-07:00,2025-04-25T11:50:20-07:00,1,3
global.js,94,js,6e0195c2,tejassmani,2025-04-25,11:50:20,-07:00,2025-04-25T11:50:20-07:00,2,32
global.js,95,js,6e0195c2,tejassmani,2025-04-25,11:50:20,-07:00,2025-04-25T11:50:20-07:00,2,20
global.js,96,js,6e0195c2,tejassmani,2025-04-25,11:50:20,-07:00,2025-04-25T11:50:20-07:00,2,17
global.js,97,js,6e0195c2,tejassmani,2025-04-25,11:50:20,-07:00,2025-04-25T11:50:20-07:00,3,66
global.js,98,js,6e0195c2,tejassmani,2025-04-25,11:50:20,-07:00,2025-04-25T11:50:20-07:00,2,0
global.js,99,js,6e0195c2,tejassmani,2025-04-25,11:50:20,-07:00,2025-04-25T11:50:20-07:00,2,33
global.js,100,js,6e0195c2,tejassmani,2025-04-25,11:50:20,-07:00,2025-04-25T11:50:20-07:00,2,10
global.js,101,js,6e0195c2,tejassmani,2025-04-25,11:50:20,-07:00,2025-04-25T11:50:20-07:00,1,15
global.js,102,js,20e66fca,tejassmani,2025-05-09,13:22:34,-07:00,2025-05-09T13:22:34-07:00,2,59
global.js,103,js,6e0195c2,tejassmani,2025-04-25,11:50:20,-07:00,2025-04-25T11:50:20-07:00,1,0
global.js,104,js,6e0195c2,tejassmani,2025-04-25,11:50:20,-07:00,2025-04-25T11:50:20-07:00,0,0
global.js,105,js,6e0195c2,tejassmani,2025-04-25,11:50:20,-07:00,2025-04-25T11:50:20-07:00,0,0
global.js,106,js,20e66fca,tejassmani,2025-05-09,13:22:34,-07:00,2025-05-09T13:22:34-07:00,0,29
global.js,107,js,20e66fca,tejassmani,2025-05-09,13:22:34,-07:00,2025-05-09T13:22:34-07:00,1,7
global.js,108,js,20e66fca,tejassmani,2025-05-09,13:22:34,-07:00,2025-05-09T13:22:34-07:00,1,15
global.js,109,js,20e66fca,tejassmani,2025-05-09,13:22:34,-07:00,2025-05-09T13:22:34-07:00,1,18
global.js,110,js,20e66fca,tejassmani,2025-05-09,13:22:34,-07:00,2025-05-09T13:22:34-07:00,0,1
global.js,111,js,6e0195c2,tejassmani,2025-04-25,11:50:20,-07:00,2025-04-25T11:50:20-07:00,1,47
global.js,112,js,20e66fca,tejassmani,2025-05-09,13:22:34,-07:00,2025-05-09T13:22:34-07:00,2,66
global.js,113,js,6e0195c2,tejassmani,2025-04-25,11:50:20,-07:00,2025-04-25T11:50:20-07:00,2,5
global.js,114,js,6e0195c2,tejassmani,2025-04-25,11:50:20,-07:00,2025-04-25T11:50:20-07:00,1,0
global.js,115,js,6e0195c2,tejassmani,2025-04-25,11:50:20,-07:00,2025-04-25T11:50:20-07:00,0,0
global.js,116,js,20e66fca,tejassmani,2025-05-09,13:22:34,-07:00,2025-05-09T13:22:34-07:00,1,57
global.js,117,js,6e0195c2,tejassmani,2025-04-25,11:50:20,-07:00,2025-04-25T11:50:20-07:00,1,42
global.js,118,js,20e66fca,tejassmani,2025-05-09,13:22:34,-07:00,2025-05-09T13:22:34-07:00,2,11
global.js,119,js,20e66fca,tejassmani,2025-05-09,13:22:34,-07:00,2025-05-09T13:22:34-07:00,3,69
global.js,120,js,20e66fca,tejassmani,2025-05-09,13:22:34,-07:00,2025-05-09T13:22:34-07:00,2,0
global.js,121,js,20e66fca,tejassmani,2025-05-09,13:22:34,-07:00,2025-05-09T13:22:34-07:00,2,18
global.js,122,js,6e0195c2,tejassmani,2025-04-25,11:50:20,-07:00,2025-04-25T11:50:20-07:00,1,0
global.js,123,js,6e0195c2,tejassmani,2025-04-25,11:50:20,-07:00,2025-04-25T11:50:20-07:00,0,0
global.js,124,js,20e66fca,tejassmani,2025-05-09,13:22:34,-07:00,2025-05-09T13:22:34-07:00,1,30
global.js,125,js,6e0195c2,tejassmani,2025-04-25,11:50:20,-07:00,2025-04-25T11:50:20-07:00,0,0
global.js,126,js,6e0195c2,tejassmani,2025-04-25,11:50:20,-07:00,2025-04-25T11:50:20-07:00,1,31
global.js,127,js,20e66fca,tejassmani,2025-05-09,13:22:34,-07:00,2025-05-09T13:22:34-07:00,2,48
global.js,128,js,6e0195c2,tejassmani,2025-04-25,11:50:20,-07:00,2025-04-25T11:50:20-07:00,0,0
global.js,129,js,20e66fca,tejassmani,2025-05-09,13:22:34,-07:00,2025-05-09T13:22:34-07:00,2,48
global.js,130,js,20e66fca,tejassmani,2025-05-09,13:22:34,-07:00,2025-05-09T13:22:34-07:00,2,47
global.js,131,js,20e66fca,tejassmani,2025-05-09,13:22:34,-07:00,2025-05-09T13:22:34-07:00,2,68
global.js,132,js,6e0195c2,tejassmani,2025-04-25,11:50:20,-07:00,2025-04-25T11:50:20-07:00,0,0
global.js,133,js,6e0195c2,tejassmani,2025-04-25,11:50:20,-07:00,2025-04-25T11:50:20-07:00,2,19
global.js,134,js,6e0195c2,tejassmani,2025-04-25,11:50:20,-07:00,2025-04-25T11:50:20-07:00,3,41
global.js,135,js,6e0195c2,tejassmani,2025-04-25,11:50:20,-07:00,2025-04-25T11:50:20-07:00,3,33
global.js,136,js,f22d814d,tejassmani,2025-05-02,22:24:37,-07:00,2025-05-02T22:24:37-07:00,3,24
global.js,137,js,f22d814d,tejassmani,2025-05-02,22:24:37,-07:00,2025-05-02T22:24:37-07:00,4,19
global.js,138,js,20e66fca,tejassmani,2025-05-09,13:22:34,-07:00,2025-05-09T13:22:34-07:00,4,62
global.js,139,js,f22d814d,tejassmani,2025-05-02,22:24:37,-07:00,2025-05-02T22:24:37-07:00,3,4
global.js,140,js,6e0195c2,tejassmani,2025-04-25,11:50:20,-07:00,2025-04-25T11:50:20-07:00,2,0
global.js,141,js,6e0195c2,tejassmani,2025-04-25,11:50:20,-07:00,2025-04-25T11:50:20-07:00,0,0
global.js,142,js,6e0195c2,tejassmani,2025-04-25,11:50:20,-07:00,2025-04-25T11:50:20-07:00,2,36
global.js,143,js,6e0195c2,tejassmani,2025-04-25,11:50:20,-07:00,2025-04-25T11:50:20-07:00,1,0
global.js,144,js,20e66fca,tejassmani,2025-05-09,13:22:34,-07:00,2025-05-09T13:22:34-07:00,1,61
global.js,145,js,6e0195c2,tejassmani,2025-04-25,11:50:20,-07:00,2025-04-25T11:50:20-07:00,1,17
global.js,146,js,6e0195c2,tejassmani,2025-04-25,11:50:20,-07:00,2025-04-25T11:50:20-07:00,2,55
global.js,147,js,6e0195c2,tejassmani,2025-04-25,11:50:20,-07:00,2025-04-25T11:50:20-07:00,1,0
global.js,148,js,6e0195c2,tejassmani,2025-04-25,11:50:20,-07:00,2025-04-25T11:50:20-07:00,0,0
global.js,149,js,6e0195c2,tejassmani,2025-04-25,11:50:20,-07:00,2025-04-25T11:50:20-07:00,0,0
global.js,150,js,20e66fca,tejassmani,2025-05-09,13:22:34,-07:00,2025-05-09T13:22:34-07:00,0,47
global.js,151,js,6e0195c2,tejassmani,2025-04-25,11:50:20,-07:00,2025-04-25T11:50:20-07:00,1,59
global.js,152,js,6e0195c2,tejassmani,2025-04-25,11:50:20,-07:00,2025-04-25T11:50:20-07:00,0,0
resume/index.html,1,html,37021502,tejassmani,2025-04-04,21:21:23,-07:00,2025-04-04T21:21:23-07:00,0,13
resume/index.html,2,html,37021502,tejassmani,2025-04-04,21:21:23,-07:00,2025-04-04T21:21:23-07:00,0,14
resume/index.html,3,html,37021502,tejassmani,2025-04-04,21:21:23,-07:00,2025-04-04T21:21:23-07:00,0,4
resume/index.html,4,html,37021502,tejassmani,2025-04-04,21:21:23,-07:00,2025-04-04T21:21:23-07:00,2,20
resume/index.html,5,html,37021502,tejassmani,2025-04-04,21:21:23,-07:00,2025-04-04T21:21:23-07:00,2,68
resume/index.html,6,html,37021502,tejassmani,2025-04-04,21:21:23,-07:00,2025-04-04T21:21:23-07:00,2,19
resume/index.html,7,html,37021502,tejassmani,2025-04-04,21:21:23,-07:00,2025-04-04T21:21:23-07:00,2,41
resume/index.html,8,html,e184888b,tejassmani,2025-04-17,16:45:23,-07:00,2025-04-17T16:45:23-07:00,2,48
resume/index.html,9,html,37021502,tejassmani,2025-04-04,21:21:23,-07:00,2025-04-04T21:21:23-07:00,0,5
resume/index.html,10,html,37021502,tejassmani,2025-04-04,21:21:23,-07:00,2025-04-04T21:21:23-07:00,0,4
resume/index.html,11,html,407adafa,tejassmani,2025-04-17,18:39:56,-07:00,2025-04-17T18:39:56-07:00,2,21
resume/index.html,12,html,37021502,tejassmani,2025-04-04,21:21:23,-07:00,2025-04-04T21:21:23-07:00,2,6
resume/index.html,13,html,37021502,tejassmani,2025-04-04,21:21:23,-07:00,2025-04-04T21:21:23-07:00,2,13
resume/index.html,14,html,37021502,tejassmani,2025-04-04,21:21:23,-07:00,2025-04-04T21:21:23-07:00,0,0
resume/index.html,15,html,29ecf8fe,tejassmani,2025-04-12,16:35:09,-07:00,2025-04-12T16:35:09-07:00,2,17
resume/index.html,16,html,37021502,tejassmani,2025-04-04,21:21:23,-07:00,2025-04-04T21:21:23-07:00,2,131
resume/index.html,17,html,37021502,tejassmani,2025-04-04,21:21:23,-07:00,2025-04-04T21:21:23-07:00,2,7
resume/index.html,18,html,37021502,tejassmani,2025-04-04,21:21:23,-07:00,2025-04-04T21:21:23-07:00,0,0
resume/index.html,19,html,29ecf8fe,tejassmani,2025-04-12,16:35:09,-07:00,2025-04-12T16:35:09-07:00,2,0
resume/index.html,20,html,37021502,tejassmani,2025-04-04,21:21:23,-07:00,2025-04-04T21:21:23-07:00,4,32
resume/index.html,21,html,37021502,tejassmani,2025-04-04,21:21:23,-07:00,2025-04-04T21:21:23-07:00,6,6
resume/index.html,22,html,29ecf8fe,tejassmani,2025-04-12,16:35:09,-07:00,2025-04-12T16:35:09-07:00,8,16
resume/index.html,23,html,37021502,tejassmani,2025-04-04,21:21:23,-07:00,2025-04-04T21:21:23-07:00,6,7
resume/index.html,24,html,37021502,tejassmani,2025-04-04,21:21:23,-07:00,2025-04-04T21:21:23-07:00,6,70
resume/index.html,25,html,37021502,tejassmani,2025-04-04,21:21:23,-07:00,2025-04-04T21:21:23-07:00,6,90
resume/index.html,26,html,37021502,tejassmani,2025-04-04,21:21:23,-07:00,2025-04-04T21:21:23-07:00,6,2
resume/index.html,27,html,37021502,tejassmani,2025-04-04,21:21:23,-07:00,2025-04-04T21:21:23-07:00,8,162
resume/index.html,28,html,37021502,tejassmani,2025-04-04,21:21:23,-07:00,2025-04-04T21:21:23-07:00,6,3
resume/index.html,29,html,37021502,tejassmani,2025-04-04,21:21:23,-07:00,2025-04-04T21:21:23-07:00,4,8
resume/index.html,30,html,37021502,tejassmani,2025-04-04,21:21:23,-07:00,2025-04-04T21:21:23-07:00,0,0
resume/index.html,31,html,37021502,tejassmani,2025-04-04,21:21:23,-07:00,2025-04-04T21:21:23-07:00,4,33
resume/index.html,32,html,37021502,tejassmani,2025-04-04,21:21:23,-07:00,2025-04-04T21:21:23-07:00,6,6
resume/index.html,33,html,29ecf8fe,tejassmani,2025-04-12,16:35:09,-07:00,2025-04-12T16:35:09-07:00,8,17
resume/index.html,34,html,37021502,tejassmani,2025-04-04,21:21:23,-07:00,2025-04-04T21:21:23-07:00,6,7
resume/index.html,35,html,37021502,tejassmani,2025-04-04,21:21:23,-07:00,2025-04-04T21:21:23-07:00,6,7
resume/index.html,36,html,37021502,tejassmani,2025-04-04,21:21:23,-07:00,2025-04-04T21:21:23-07:00,8,2
resume/index.html,37,html,37021502,tejassmani,2025-04-04,21:21:23,-07:00,2025-04-04T21:21:23-07:00,10,157
resume/index.html,38,html,37021502,tejassmani,2025-04-04,21:21:23,-07:00,2025-04-04T21:21:23-07:00,10,32
resume/index.html,39,html,37021502,tejassmani,2025-04-04,21:21:23,-07:00,2025-04-04T21:21:23-07:00,8,3
resume/index.html,40,html,37021502,tejassmani,2025-04-04,21:21:23,-07:00,2025-04-04T21:21:23-07:00,8,75
resume/index.html,41,html,37021502,tejassmani,2025-04-04,21:21:23,-07:00,2025-04-04T21:21:23-07:00,8,49
resume/index.html,42,html,37021502,tejassmani,2025-04-04,21:21:23,-07:00,2025-04-04T21:21:23-07:00,8,2
resume/index.html,43,html,37021502,tejassmani,2025-04-04,21:21:23,-07:00,2025-04-04T21:21:23-07:00,10,14
resume/index.html,44,html,37021502,tejassmani,2025-04-04,21:21:23,-07:00,2025-04-04T21:21:23-07:00,8,3
resume/index.html,45,html,37021502,tejassmani,2025-04-04,21:21:23,-07:00,2025-04-04T21:21:23-07:00,6,8
resume/index.html,46,html,37021502,tejassmani,2025-04-04,21:21:23,-07:00,2025-04-04T21:21:23-07:00,6,7
resume/index.html,47,html,37021502,tejassmani,2025-04-04,21:21:23,-07:00,2025-04-04T21:21:23-07:00,8,2
resume/index.html,48,html,37021502,tejassmani,2025-04-04,21:21:23,-07:00,2025-04-04T21:21:23-07:00,10,160
resume/index.html,49,html,37021502,tejassmani,2025-04-04,21:21:23,-07:00,2025-04-04T21:21:23-07:00,10,30
resume/index.html,50,html,37021502,tejassmani,2025-04-04,21:21:23,-07:00,2025-04-04T21:21:23-07:00,8,3
resume/index.html,51,html,37021502,tejassmani,2025-04-04,21:21:23,-07:00,2025-04-04T21:21:23-07:00,8,71
resume/index.html,52,html,37021502,tejassmani,2025-04-04,21:21:23,-07:00,2025-04-04T21:21:23-07:00,8,49
resume/index.html,53,html,37021502,tejassmani,2025-04-04,21:21:23,-07:00,2025-04-04T21:21:23-07:00,8,2
resume/index.html,54,html,37021502,tejassmani,2025-04-04,21:21:23,-07:00,2025-04-04T21:21:23-07:00,10,173
resume/index.html,55,html,37021502,tejassmani,2025-04-04,21:21:23,-07:00,2025-04-04T21:21:23-07:00,10,153
resume/index.html,56,html,37021502,tejassmani,2025-04-04,21:21:23,-07:00,2025-04-04T21:21:23-07:00,8,3
resume/index.html,57,html,37021502,tejassmani,2025-04-04,21:21:23,-07:00,2025-04-04T21:21:23-07:00,6,8
resume/index.html,58,html,37021502,tejassmani,2025-04-04,21:21:23,-07:00,2025-04-04T21:21:23-07:00,6,7
resume/index.html,59,html,37021502,tejassmani,2025-04-04,21:21:23,-07:00,2025-04-04T21:21:23-07:00,8,2
resume/index.html,60,html,37021502,tejassmani,2025-04-04,21:21:23,-07:00,2025-04-04T21:21:23-07:00,10,133
resume/index.html,61,html,37021502,tejassmani,2025-04-04,21:21:23,-07:00,2025-04-04T21:21:23-07:00,10,9
resume/index.html,62,html,37021502,tejassmani,2025-04-04,21:21:23,-07:00,2025-04-04T21:21:23-07:00,8,3
resume/index.html,63,html,37021502,tejassmani,2025-04-04,21:21:23,-07:00,2025-04-04T21:21:23-07:00,8,48
resume/index.html,64,html,37021502,tejassmani,2025-04-04,21:21:23,-07:00,2025-04-04T21:21:23-07:00,8,49
resume/index.html,65,html,37021502,tejassmani,2025-04-04,21:21:23,-07:00,2025-04-04T21:21:23-07:00,8,2
resume/index.html,66,html,37021502,tejassmani,2025-04-04,21:21:23,-07:00,2025-04-04T21:21:23-07:00,10,146
resume/index.html,67,html,37021502,tejassmani,2025-04-04,21:21:23,-07:00,2025-04-04T21:21:23-07:00,10,133
resume/index.html,68,html,37021502,tejassmani,2025-04-04,21:21:23,-07:00,2025-04-04T21:21:23-07:00,8,3
resume/index.html,69,html,37021502,tejassmani,2025-04-04,21:21:23,-07:00,2025-04-04T21:21:23-07:00,6,8
resume/index.html,70,html,37021502,tejassmani,2025-04-04,21:21:23,-07:00,2025-04-04T21:21:23-07:00,6,7
resume/index.html,71,html,37021502,tejassmani,2025-04-04,21:21:23,-07:00,2025-04-04T21:21:23-07:00,8,2
resume/index.html,72,html,37021502,tejassmani,2025-04-04,21:21:23,-07:00,2025-04-04T21:21:23-07:00,10,141
resume/index.html,73,html,37021502,tejassmani,2025-04-04,21:21:23,-07:00,2025-04-04T21:21:23-07:00,10,16
resume/index.html,74,html,37021502,tejassmani,2025-04-04,21:21:23,-07:00,2025-04-04T21:21:23-07:00,8,3
resume/index.html,75,html,37021502,tejassmani,2025-04-04,21:21:23,-07:00,2025-04-04T21:21:23-07:00,8,61
resume/index.html,76,html,37021502,tejassmani,2025-04-04,21:21:23,-07:00,2025-04-04T21:21:23-07:00,8,49
resume/index.html,77,html,37021502,tejassmani,2025-04-04,21:21:23,-07:00,2025-04-04T21:21:23-07:00,8,2
resume/index.html,78,html,37021502,tejassmani,2025-04-04,21:21:23,-07:00,2025-04-04T21:21:23-07:00,10,161
resume/index.html,79,html,37021502,tejassmani,2025-04-04,21:21:23,-07:00,2025-04-04T21:21:23-07:00,10,123
resume/index.html,80,html,37021502,tejassmani,2025-04-04,21:21:23,-07:00,2025-04-04T21:21:23-07:00,8,3
resume/index.html,81,html,37021502,tejassmani,2025-04-04,21:21:23,-07:00,2025-04-04T21:21:23-07:00,6,8
resume/index.html,82,html,37021502,tejassmani,2025-04-04,21:21:23,-07:00,2025-04-04T21:21:23-07:00,4,8
resume/index.html,83,html,37021502,tejassmani,2025-04-04,21:21:23,-07:00,2025-04-04T21:21:23-07:00,0,0
resume/index.html,84,html,37021502,tejassmani,2025-04-04,21:21:23,-07:00,2025-04-04T21:21:23-07:00,4,31
resume/index.html,85,html,37021502,tejassmani,2025-04-04,21:21:23,-07:00,2025-04-04T21:21:23-07:00,6,6
resume/index.html,86,html,29ecf8fe,tejassmani,2025-04-12,16:35:09,-07:00,2025-04-12T16:35:09-07:00,8,15
resume/index.html,87,html,37021502,tejassmani,2025-04-04,21:21:23,-07:00,2025-04-04T21:21:23-07:00,6,7
resume/index.html,88,html,37021502,tejassmani,2025-04-04,21:21:23,-07:00,2025-04-04T21:21:23-07:00,6,7
resume/index.html,89,html,37021502,tejassmani,2025-04-04,21:21:23,-07:00,2025-04-04T21:21:23-07:00,8,41
resume/index.html,90,html,37021502,tejassmani,2025-04-04,21:21:23,-07:00,2025-04-04T21:21:23-07:00,8,54
resume/index.html,91,html,37021502,tejassmani,2025-04-04,21:21:23,-07:00,2025-04-04T21:21:23-07:00,8,89
resume/index.html,92,html,37021502,tejassmani,2025-04-04,21:21:23,-07:00,2025-04-04T21:21:23-07:00,8,2
resume/index.html,93,html,37021502,tejassmani,2025-04-04,21:21:23,-07:00,2025-04-04T21:21:23-07:00,8,2
resume/index.html,94,html,37021502,tejassmani,2025-04-04,21:21:23,-07:00,2025-04-04T21:21:23-07:00,10,147
resume/index.html,95,html,37021502,tejassmani,2025-04-04,21:21:23,-07:00,2025-04-04T21:21:23-07:00,10,127
resume/index.html,96,html,37021502,tejassmani,2025-04-04,21:21:23,-07:00,2025-04-04T21:21:23-07:00,8,3
resume/index.html,97,html,37021502,tejassmani,2025-04-04,21:21:23,-07:00,2025-04-04T21:21:23-07:00,6,8
resume/index.html,98,html,37021502,tejassmani,2025-04-04,21:21:23,-07:00,2025-04-04T21:21:23-07:00,6,7
resume/index.html,99,html,37021502,tejassmani,2025-04-04,21:21:23,-07:00,2025-04-04T21:21:23-07:00,8,33
resume/index.html,100,html,37021502,tejassmani,2025-04-04,21:21:23,-07:00,2025-04-04T21:21:23-07:00,8,51
resume/index.html,101,html,37021502,tejassmani,2025-04-04,21:21:23,-07:00,2025-04-04T21:21:23-07:00,8,2
resume/index.html,102,html,37021502,tejassmani,2025-04-04,21:21:23,-07:00,2025-04-04T21:21:23-07:00,10,125
resume/index.html,103,html,37021502,tejassmani,2025-04-04,21:21:23,-07:00,2025-04-04T21:21:23-07:00,10,144
resume/index.html,104,html,37021502,tejassmani,2025-04-04,21:21:23,-07:00,2025-04-04T21:21:23-07:00,8,3
resume/index.html,105,html,37021502,tejassmani,2025-04-04,21:21:23,-07:00,2025-04-04T21:21:23-07:00,6,8
resume/index.html,106,html,37021502,tejassmani,2025-04-04,21:21:23,-07:00,2025-04-04T21:21:23-07:00,6,7
resume/index.html,107,html,37021502,tejassmani,2025-04-04,21:21:23,-07:00,2025-04-04T21:21:23-07:00,8,23
resume/index.html,108,html,37021502,tejassmani,2025-04-04,21:21:23,-07:00,2025-04-04T21:21:23-07:00,8,50
resume/index.html,109,html,37021502,tejassmani,2025-04-04,21:21:23,-07:00,2025-04-04T21:21:23-07:00,8,2
resume/index.html,110,html,37021502,tejassmani,2025-04-04,21:21:23,-07:00,2025-04-04T21:21:23-07:00,10,123
resume/index.html,111,html,37021502,tejassmani,2025-04-04,21:21:23,-07:00,2025-04-04T21:21:23-07:00,10,113
resume/index.html,112,html,37021502,tejassmani,2025-04-04,21:21:23,-07:00,2025-04-04T21:21:23-07:00,8,3
resume/index.html,113,html,37021502,tejassmani,2025-04-04,21:21:23,-07:00,2025-04-04T21:21:23-07:00,6,8
resume/index.html,114,html,37021502,tejassmani,2025-04-04,21:21:23,-07:00,2025-04-04T21:21:23-07:00,4,8
resume/index.html,115,html,37021502,tejassmani,2025-04-04,21:21:23,-07:00,2025-04-04T21:21:23-07:00,0,0
resume/index.html,116,html,37021502,tejassmani,2025-04-04,21:21:23,-07:00,2025-04-04T21:21:23-07:00,4,39
resume/index.html,117,html,37021502,tejassmani,2025-04-04,21:21:23,-07:00,2025-04-04T21:21:23-07:00,6,6
resume/index.html,118,html,29ecf8fe,tejassmani,2025-04-12,16:35:09,-07:00,2025-04-12T16:35:09-07:00,8,23
resume/index.html,119,html,37021502,tejassmani,2025-04-04,21:21:23,-07:00,2025-04-04T21:21:23-07:00,6,7
resume/index.html,120,html,37021502,tejassmani,2025-04-04,21:21:23,-07:00,2025-04-04T21:21:23-07:00,6,2
resume/index.html,121,html,37021502,tejassmani,2025-04-04,21:21:23,-07:00,2025-04-04T21:21:23-07:00,8,86
resume/index.html,122,html,37021502,tejassmani,2025-04-04,21:21:23,-07:00,2025-04-04T21:21:23-07:00,8,148
resume/index.html,123,html,37021502,tejassmani,2025-04-04,21:21:23,-07:00,2025-04-04T21:21:23-07:00,6,3
resume/index.html,124,html,37021502,tejassmani,2025-04-04,21:21:23,-07:00,2025-04-04T21:21:23-07:00,4,8
resume/index.html,125,html,37021502,tejassmani,2025-04-04,21:21:23,-07:00,2025-04-04T21:21:23-07:00,4,6
resume/index.html,126,html,37021502,tejassmani,2025-04-04,21:21:23,-07:00,2025-04-04T21:21:23-07:00,6,26
resume/index.html,127,html,37021502,tejassmani,2025-04-04,21:21:23,-07:00,2025-04-04T21:21:23-07:00,4,7
resume/index.html,128,html,37021502,tejassmani,2025-04-04,21:21:23,-07:00,2025-04-04T21:21:23-07:00,0,0
resume/index.html,129,html,407adafa,tejassmani,2025-04-17,18:39:56,-07:00,2025-04-17T18:39:56-07:00,2,5
resume/index.html,130,html,37021502,tejassmani,2025-04-04,21:21:23,-07:00,2025-04-04T21:21:23-07:00,0,5
resume/index.html,131,html,37021502,tejassmani,2025-04-04,21:21:23,-07:00,2025-04-04T21:21:23-07:00,0,5
projects/projects.js,1,js,20e66fca,tejassmani,2025-05-09,13:22:34,-07:00,2025-05-09T13:22:34-07:00,0,55
projects/projects.js,2,js,20e66fca,tejassmani,2025-05-09,13:22:34,-07:00,2025-05-09T13:22:34-07:00,0,63
projects/projects.js,3,js,f22d814d,tejassmani,2025-05-02,22:24:37,-07:00,2025-05-02T22:24:37-07:00,0,0
projects/projects.js,4,js,f22d814d,tejassmani,2025-05-02,22:24:37,-07:00,2025-05-02T22:24:37-07:00,0,19
projects/projects.js,5,js,20e66fca,tejassmani,2025-05-09,13:22:34,-07:00,2025-05-09T13:22:34-07:00,0,55
projects/projects.js,6,js,f22d814d,tejassmani,2025-05-02,22:24:37,-07:00,2025-05-02T22:24:37-07:00,0,0
projects/projects.js,7,js,f22d814d,tejassmani,2025-05-02,22:24:37,-07:00,2025-05-02T22:24:37-07:00,0,18
projects/projects.js,8,js,20e66fca,tejassmani,2025-05-09,13:22:34,-07:00,2025-05-09T13:22:34-07:00,0,60
projects/projects.js,9,js,20e66fca,tejassmani,2025-05-09,13:22:34,-07:00,2025-05-09T13:22:34-07:00,0,55
projects/projects.js,10,js,f22d814d,tejassmani,2025-05-02,22:24:37,-07:00,2025-05-02T22:24:37-07:00,0,0
projects/projects.js,11,js,f22d814d,tejassmani,2025-05-02,22:24:37,-07:00,2025-05-02T22:24:37-07:00,0,31
projects/projects.js,12,js,20e66fca,tejassmani,2025-05-09,13:22:34,-07:00,2025-05-09T13:22:34-07:00,0,48
projects/projects.js,13,js,6e0195c2,tejassmani,2025-04-25,11:50:20,-07:00,2025-04-25T11:50:20-07:00,0,0
projects/projects.js,14,js,f22d814d,tejassmani,2025-05-02,22:24:37,-07:00,2025-05-02T22:24:37-07:00,0,60
projects/projects.js,15,js,f22d814d,tejassmani,2025-05-02,22:24:37,-07:00,2025-05-02T22:24:37-07:00,0,49
projects/projects.js,16,js,f22d814d,tejassmani,2025-05-02,22:24:37,-07:00,2025-05-02T22:24:37-07:00,0,0
projects/projects.js,17,js,f22d814d,tejassmani,2025-05-02,22:24:37,-07:00,2025-05-02T22:24:37-07:00,0,45
projects/projects.js,18,js,f22d814d,tejassmani,2025-05-02,22:24:37,-07:00,2025-05-02T22:24:37-07:00,0,22
projects/projects.js,19,js,f22d814d,tejassmani,2025-05-02,22:24:37,-07:00,2025-05-02T22:24:37-07:00,0,0
projects/projects.js,20,js,f22d814d,tejassmani,2025-05-02,22:24:37,-07:00,2025-05-02T22:24:37-07:00,0,25
projects/projects.js,21,js,f22d814d,tejassmani,2025-05-02,22:24:37,-07:00,2025-05-02T22:24:37-07:00,0,38
projects/projects.js,22,js,f22d814d,tejassmani,2025-05-02,22:24:37,-07:00,2025-05-02T22:24:37-07:00,1,32
projects/projects.js,23,js,20e66fca,tejassmani,2025-05-09,13:22:34,-07:00,2025-05-09T13:22:34-07:00,1,53
projects/projects.js,24,js,20e66fca,tejassmani,2025-05-09,13:22:34,-07:00,2025-05-09T13:22:34-07:00,1,44
projects/projects.js,25,js,f22d814d,tejassmani,2025-05-02,22:24:37,-07:00,2025-05-02T22:24:37-07:00,0,0
projects/projects.js,26,js,f22d814d,tejassmani,2025-05-02,22:24:37,-07:00,2025-05-02T22:24:37-07:00,1,21
projects/projects.js,27,js,f22d814d,tejassmani,2025-05-02,22:24:37,-07:00,2025-05-02T22:24:37-07:00,1,26
projects/projects.js,28,js,f22d814d,tejassmani,2025-05-02,22:24:37,-07:00,2025-05-02T22:24:37-07:00,2,12
projects/projects.js,29,js,f22d814d,tejassmani,2025-05-02,22:24:37,-07:00,2025-05-02T22:24:37-07:00,2,14
projects/projects.js,30,js,20e66fca,tejassmani,2025-05-09,13:22:34,-07:00,2025-05-09T13:22:34-07:00,2,12
projects/projects.js,31,js,f22d814d,tejassmani,2025-05-02,22:24:37,-07:00,2025-05-02T22:24:37-07:00,1,0
projects/projects.js,32,js,f22d814d,tejassmani,2025-05-02,22:24:37,-07:00,2025-05-02T22:24:37-07:00,0,0
projects/projects.js,33,js,f22d814d,tejassmani,2025-05-02,22:24:37,-07:00,2025-05-02T22:24:37-07:00,1,20
projects/projects.js,34,js,f22d814d,tejassmani,2025-05-02,22:24:37,-07:00,2025-05-02T22:24:37-07:00,1,45
projects/projects.js,35,js,f22d814d,tejassmani,2025-05-02,22:24:37,-07:00,2025-05-02T22:24:37-07:00,2,11
projects/projects.js,36,js,f22d814d,tejassmani,2025-05-02,22:24:37,-07:00,2025-05-02T22:24:37-07:00,2,10
projects/projects.js,37,js,f22d814d,tejassmani,2025-05-02,22:24:37,-07:00,2025-05-02T22:24:37-07:00,1,2
projects/projects.js,38,js,f22d814d,tejassmani,2025-05-02,22:24:37,-07:00,2025-05-02T22:24:37-07:00,0,0
projects/projects.js,39,js,f22d814d,tejassmani,2025-05-02,22:24:37,-07:00,2025-05-02T22:24:37-07:00,1,16
projects/projects.js,40,js,f22d814d,tejassmani,2025-05-02,22:24:37,-07:00,2025-05-02T22:24:37-07:00,1,28
projects/projects.js,41,js,f22d814d,tejassmani,2025-05-02,22:24:37,-07:00,2025-05-02T22:24:37-07:00,0,0
projects/projects.js,42,js,f22d814d,tejassmani,2025-05-02,22:24:37,-07:00,2025-05-02T22:24:37-07:00,1,21
projects/projects.js,43,js,f22d814d,tejassmani,2025-05-02,22:24:37,-07:00,2025-05-02T22:24:37-07:00,1,59
projects/projects.js,44,js,f22d814d,tejassmani,2025-05-02,22:24:37,-07:00,2025-05-02T22:24:37-07:00,1,52
projects/projects.js,45,js,f22d814d,tejassmani,2025-05-02,22:24:37,-07:00,2025-05-02T22:24:37-07:00,1,35
projects/projects.js,46,js,f22d814d,tejassmani,2025-05-02,22:24:37,-07:00,2025-05-02T22:24:37-07:00,1,47
projects/projects.js,47,js,f22d814d,tejassmani,2025-05-02,22:24:37,-07:00,2025-05-02T22:24:37-07:00,0,0
projects/projects.js,48,js,f22d814d,tejassmani,2025-05-02,22:24:37,-07:00,2025-05-02T22:24:37-07:00,1,10
projects/projects.js,49,js,f22d814d,tejassmani,2025-05-02,22:24:37,-07:00,2025-05-02T22:24:37-07:00,1,26
projects/projects.js,50,js,20e66fca,tejassmani,2025-05-09,13:22:34,-07:00,2025-05-09T13:22:34-07:00,2,25
projects/projects.js,51,js,20e66fca,tejassmani,2025-05-09,13:22:34,-07:00,2025-05-09T13:22:34-07:00,3,13
projects/projects.js,52,js,20e66fca,tejassmani,2025-05-09,13:22:34,-07:00,2025-05-09T13:22:34-07:00,3,13
projects/projects.js,53,js,20e66fca,tejassmani,2025-05-09,13:22:34,-07:00,2025-05-09T13:22:34-07:00,3,24
projects/projects.js,54,js,20e66fca,tejassmani,2025-05-09,13:22:34,-07:00,2025-05-09T13:22:34-07:00,3,42
projects/projects.js,55,js,20e66fca,tejassmani,2025-05-09,13:22:34,-07:00,2025-05-09T13:22:34-07:00,3,71
projects/projects.js,56,js,20e66fca,tejassmani,2025-05-09,13:22:34,-07:00,2025-05-09T13:22:34-07:00,3,18
projects/projects.js,57,js,f22d814d,tejassmani,2025-05-02,22:24:37,-07:00,2025-05-02T22:24:37-07:00,4,34
projects/projects.js,58,js,f22d814d,tejassmani,2025-05-02,22:24:37,-07:00,2025-05-02T22:24:37-07:00,0,0
projects/projects.js,59,js,f22d814d,tejassmani,2025-05-02,22:24:37,-07:00,2025-05-02T22:24:37-07:00,4,55
projects/projects.js,60,js,f22d814d,tejassmani,2025-05-02,22:24:37,-07:00,2025-05-02T22:24:37-07:00,4,33
projects/projects.js,61,js,f22d814d,tejassmani,2025-05-02,22:24:37,-07:00,2025-05-02T22:24:37-07:00,5,45
projects/projects.js,62,js,20e66fca,tejassmani,2025-05-09,13:22:34,-07:00,2025-05-09T13:22:34-07:00,5,81
projects/projects.js,63,js,f22d814d,tejassmani,2025-05-02,22:24:37,-07:00,2025-05-02T22:24:37-07:00,4,6
projects/projects.js,64,js,f22d814d,tejassmani,2025-05-02,22:24:37,-07:00,2025-05-02T22:24:37-07:00,5,50
projects/projects.js,65,js,f22d814d,tejassmani,2025-05-02,22:24:37,-07:00,2025-05-02T22:24:37-07:00,5,39
projects/projects.js,66,js,20e66fca,tejassmani,2025-05-09,13:22:34,-07:00,2025-05-09T13:22:34-07:00,6,40
projects/projects.js,67,js,f22d814d,tejassmani,2025-05-02,22:24:37,-07:00,2025-05-02T22:24:37-07:00,5,0
projects/projects.js,68,js,20e66fca,tejassmani,2025-05-09,13:22:34,-07:00,2025-05-09T13:22:34-07:00,5,84
projects/projects.js,69,js,f22d814d,tejassmani,2025-05-02,22:24:37,-07:00,2025-05-02T22:24:37-07:00,4,0
projects/projects.js,70,js,f22d814d,tejassmani,2025-05-02,22:24:37,-07:00,2025-05-02T22:24:37-07:00,0,0
projects/projects.js,71,js,f22d814d,tejassmani,2025-05-02,22:24:37,-07:00,2025-05-02T22:24:37-07:00,4,64
projects/projects.js,72,js,f22d814d,tejassmani,2025-05-02,22:24:37,-07:00,2025-05-02T22:24:37-07:00,4,23
projects/projects.js,73,js,f22d814d,tejassmani,2025-05-02,22:24:37,-07:00,2025-05-02T22:24:37-07:00,3,1
projects/projects.js,74,js,f22d814d,tejassmani,2025-05-02,22:24:37,-07:00,2025-05-02T22:24:37-07:00,1,1
projects/projects.js,75,js,f22d814d,tejassmani,2025-05-02,22:24:37,-07:00,2025-05-02T22:24:37-07:00,0,0
projects/projects.js,76,js,f22d814d,tejassmani,2025-05-02,22:24:37,-07:00,2025-05-02T22:24:37-07:00,1,12
projects/projects.js,77,js,20e66fca,tejassmani,2025-05-09,13:22:34,-07:00,2025-05-09T13:22:34-07:00,1,32
projects/projects.js,78,js,f22d814d,tejassmani,2025-05-02,22:24:37,-07:00,2025-05-02T22:24:37-07:00,1,24
projects/projects.js,79,js,f22d814d,tejassmani,2025-05-02,22:24:37,-07:00,2025-05-02T22:24:37-07:00,2,4
projects/projects.js,80,js,20e66fca,tejassmani,2025-05-09,13:22:34,-07:00,2025-05-09T13:22:34-07:00,3,11
projects/projects.js,81,js,20e66fca,tejassmani,2025-05-09,13:22:34,-07:00,2025-05-09T13:22:34-07:00,3,27
projects/projects.js,82,js,20e66fca,tejassmani,2025-05-09,13:22:34,-07:00,2025-05-09T13:22:34-07:00,3,38
projects/projects.js,83,js,20e66fca,tejassmani,2025-05-09,13:22:34,-07:00,2025-05-09T13:22:34-07:00,3,4
projects/projects.js,84,js,20e66fca,tejassmani,2025-05-09,13:22:34,-07:00,2025-05-09T13:22:34-07:00,4,96
projects/projects.js,85,js,20e66fca,tejassmani,2025-05-09,13:22:34,-07:00,2025-05-09T13:22:34-07:00,3,0
projects/projects.js,86,js,f22d814d,tejassmani,2025-05-02,22:24:37,-07:00,2025-05-02T22:24:37-07:00,1,1
projects/projects.js,87,js,f22d814d,tejassmani,2025-05-02,22:24:37,-07:00,2025-05-02T22:24:37-07:00,0,0
projects/projects.js,88,js,f22d814d,tejassmani,2025-05-02,22:24:37,-07:00,2025-05-02T22:24:37-07:00,0,0
projects/projects.js,89,js,f22d814d,tejassmani,2025-05-02,22:24:37,-07:00,2025-05-02T22:24:37-07:00,0,25
projects/projects.js,90,js,f22d814d,tejassmani,2025-05-02,22:24:37,-07:00,2025-05-02T22:24:37-07:00,0,23
projects/projects.js,91,js,f22d814d,tejassmani,2025-05-02,22:24:37,-07:00,2025-05-02T22:24:37-07:00,0,0
projects/projects.js,92,js,f22d814d,tejassmani,2025-05-02,22:24:37,-07:00,2025-05-02T22:24:37-07:00,0,21
projects/projects.js,93,js,20e66fca,tejassmani,2025-05-09,13:22:34,-07:00,2025-05-09T13:22:34-07:00,0,48
projects/projects.js,94,js,f22d814d,tejassmani,2025-05-02,22:24:37,-07:00,2025-05-02T22:24:37-07:00,1,43
projects/projects.js,95,js,f22d814d,tejassmani,2025-05-02,22:24:37,-07:00,2025-05-02T22:24:37-07:00,0,0
projects/projects.js,96,js,f22d814d,tejassmani,2025-05-02,22:24:37,-07:00,2025-05-02T22:24:37-07:00,1,51
projects/projects.js,97,js,20e66fca,tejassmani,2025-05-09,13:22:34,-07:00,2025-05-09T13:22:34-07:00,2,59
projects/projects.js,98,js,f22d814d,tejassmani,2025-05-02,22:24:37,-07:00,2025-05-02T22:24:37-07:00,2,28
projects/projects.js,99,js,f22d814d,tejassmani,2025-05-02,22:24:37,-07:00,2025-05-02T22:24:37-07:00,1,1
projects/projects.js,100,js,f22d814d,tejassmani,2025-05-02,22:24:37,-07:00,2025-05-02T22:24:37-07:00,0,0
projects/projects.js,101,js,20e66fca,tejassmani,2025-05-09,13:22:34,-07:00,2025-05-09T13:22:34-07:00,1,56
projects/projects.js,102,js,f22d814d,tejassmani,2025-05-02,22:24:37,-07:00,2025-05-02T22:24:37-07:00,1,31
projects/projects.js,103,js,f22d814d,tejassmani,2025-05-02,22:24:37,-07:00,2025-05-02T22:24:37-07:00,0,1
projects/index.html,1,html,20e66fca,tejassmani,2025-05-09,13:22:34,-07:00,2025-05-09T13:22:34-07:00,0,13
projects/index.html,2,html,9db8d844,tejassmani,2025-04-04,19:13:50,-07:00,2025-04-04T19:13:50-07:00,0,14
projects/index.html,3,html,20e66fca,tejassmani,2025-05-09,13:22:34,-07:00,2025-05-09T13:22:34-07:00,1,4
projects/index.html,4,html,20e66fca,tejassmani,2025-05-09,13:22:34,-07:00,2025-05-09T13:22:34-07:00,2,22
projects/index.html,5,html,20e66fca,tejassmani,2025-05-09,13:22:34,-07:00,2025-05-09T13:22:34-07:00,2,70
projects/index.html,6,html,20e66fca,tejassmani,2025-05-09,13:22:34,-07:00,2025-05-09T13:22:34-07:00,2,21
projects/index.html,7,html,20e66fca,tejassmani,2025-05-09,13:22:34,-07:00,2025-05-09T13:22:34-07:00,2,43
projects/index.html,8,html,e184888b,tejassmani,2025-04-17,16:45:23,-07:00,2025-04-17T16:45:23-07:00,2,48
projects/index.html,9,html,20e66fca,tejassmani,2025-05-09,13:22:34,-07:00,2025-05-09T13:22:34-07:00,1,5
projects/index.html,10,html,20e66fca,tejassmani,2025-05-09,13:22:34,-07:00,2025-05-09T13:22:34-07:00,1,4
projects/index.html,11,html,6e0195c2,tejassmani,2025-04-25,11:50:20,-07:00,2025-04-25T11:50:20-07:00,2,38
projects/index.html,12,html,20e66fca,tejassmani,2025-05-09,13:22:34,-07:00,2025-05-09T13:22:34-07:00,0,0
projects/index.html,13,html,f22d814d,tejassmani,2025-05-02,22:24:37,-07:00,2025-05-02T22:24:37-07:00,2,21
projects/index.html,14,html,20e66fca,tejassmani,2025-05-09,13:22:34,-07:00,2025-05-09T13:22:34-07:00,3,54
projects/index.html,15,html,20e66fca,tejassmani,2025-05-09,13:22:34,-07:00,2025-05-09T13:22:34-07:00,3,22
projects/index.html,16,html,20e66fca,tejassmani,2025-05-09,13:22:34,-07:00,2025-05-09T13:22:34-07:00,2,4
projects/index.html,17,html,f22d814d,tejassmani,2025-05-02,22:24:37,-07:00,2025-05-02T22:24:37-07:00,2,4
projects/index.html,18,html,20e66fca,tejassmani,2025-05-09,13:22:34,-07:00,2025-05-09T13:22:34-07:00,3,15
projects/index.html,19,html,20e66fca,tejassmani,2025-05-09,13:22:34,-07:00,2025-05-09T13:22:34-07:00,3,11
projects/index.html,20,html,20e66fca,tejassmani,2025-05-09,13:22:34,-07:00,2025-05-09T13:22:34-07:00,3,26
projects/index.html,21,html,20e66fca,tejassmani,2025-05-09,13:22:34,-07:00,2025-05-09T13:22:34-07:00,3,31
projects/index.html,22,html,f22d814d,tejassmani,2025-05-02,22:24:37,-07:00,2025-05-02T22:24:37-07:00,2,0
projects/index.html,23,html,20e66fca,tejassmani,2025-05-09,13:22:34,-07:00,2025-05-09T13:22:34-07:00,0,0
projects/index.html,24,html,29ecf8fe,tejassmani,2025-04-12,16:35:09,-07:00,2025-04-12T16:35:09-07:00,2,20
projects/index.html,25,html,f22d814d,tejassmani,2025-05-02,22:24:37,-07:00,2025-05-02T22:24:37-07:00,3,48
projects/index.html,26,html,f22d814d,tejassmani,2025-05-02,22:24:37,-07:00,2025-05-02T22:24:37-07:00,3,47
projects/index.html,27,html,29ecf8fe,tejassmani,2025-04-12,16:35:09,-07:00,2025-04-12T16:35:09-07:00,2,4
projects/index.html,28,html,f22d814d,tejassmani,2025-05-02,22:24:37,-07:00,2025-05-02T22:24:37-07:00,1,5
projects/index.html,29,html,20e66fca,tejassmani,2025-05-09,13:22:34,-07:00,2025-05-09T13:22:34-07:00,0,5
meta/index.html,1,html,20e66fca,tejassmani,2025-05-09,13:22:34,-07:00,2025-05-09T13:22:34-07:00,0,13
meta/index.html,2,html,76b6278f,tejassmani,2025-05-09,12:58:32,-07:00,2025-05-09T12:58:32-07:00,0,14
meta/index.html,3,html,20e66fca,tejassmani,2025-05-09,13:22:34,-07:00,2025-05-09T13:22:34-07:00,1,4
meta/index.html,4,html,20e66fca,tejassmani,2025-05-09,13:22:34,-07:00,2025-05-09T13:22:34-07:00,2,22
meta/index.html,5,html,20e66fca,tejassmani,2025-05-09,13:22:34,-07:00,2025-05-09T13:22:34-07:00,2,70
meta/index.html,6,html,20e66fca,tejassmani,2025-05-09,13:22:34,-07:00,2025-05-09T13:22:34-07:00,2,43
meta/index.html,7,html,20e66fca,tejassmani,2025-05-09,13:22:34,-07:00,2025-05-09T13:22:34-07:00,2,48
meta/index.html,8,html,76b6278f,tejassmani,2025-05-09,12:58:32,-07:00,2025-05-09T12:58:32-07:00,2,17
meta/index.html,9,html,20e66fca,tejassmani,2025-05-09,13:22:34,-07:00,2025-05-09T13:22:34-07:00,1,5
meta/index.html,10,html,76b6278f,tejassmani,2025-05-09,12:58:32,-07:00,2025-05-09T12:58:32-07:00,0,0
meta/index.html,11,html,20e66fca,tejassmani,2025-05-09,13:22:34,-07:00,2025-05-09T13:22:34-07:00,1,4
meta/index.html,12,html,20e66fca,tejassmani,2025-05-09,13:22:34,-07:00,2025-05-09T13:22:34-07:00,2,11
meta/index.html,13,html,20e66fca,tejassmani,2025-05-09,13:22:34,-07:00,2025-05-09T13:22:34-07:00,2,61
meta/index.html,14,html,20e66fca,tejassmani,2025-05-09,13:22:34,-07:00,2025-05-09T13:22:34-07:00,1,5
meta/index.html,15,html,20e66fca,tejassmani,2025-05-09,13:22:34,-07:00,2025-05-09T13:22:34-07:00,0,5
contact/index.html,1,html,20e66fca,tejassmani,2025-05-09,13:22:34,-07:00,2025-05-09T13:22:34-07:00,0,13
contact/index.html,2,html,9db8d844,tejassmani,2025-04-04,19:13:50,-07:00,2025-04-04T19:13:50-07:00,0,14
contact/index.html,3,html,20e66fca,tejassmani,2025-05-09,13:22:34,-07:00,2025-05-09T13:22:34-07:00,1,4
contact/index.html,4,html,20e66fca,tejassmani,2025-05-09,13:22:34,-07:00,2025-05-09T13:22:34-07:00,2,22
contact/index.html,5,html,20e66fca,tejassmani,2025-05-09,13:22:34,-07:00,2025-05-09T13:22:34-07:00,2,70
contact/index.html,6,html,20e66fca,tejassmani,2025-05-09,13:22:34,-07:00,2025-05-09T13:22:34-07:00,2,20
contact/index.html,7,html,20e66fca,tejassmani,2025-05-09,13:22:34,-07:00,2025-05-09T13:22:34-07:00,2,43
contact/index.html,8,html,20e66fca,tejassmani,2025-05-09,13:22:34,-07:00,2025-05-09T13:22:34-07:00,2,48
contact/index.html,9,html,20e66fca,tejassmani,2025-05-09,13:22:34,-07:00,2025-05-09T13:22:34-07:00,1,5
contact/index.html,10,html,20e66fca,tejassmani,2025-05-09,13:22:34,-07:00,2025-05-09T13:22:34-07:00,1,4
contact/index.html,11,html,20e66fca,tejassmani,2025-05-09,13:22:34,-07:00,2025-05-09T13:22:34-07:00,2,14
contact/index.html,12,html,d206d8e9,tejassmani,2025-04-18,21:43:04,-07:00,2025-04-18T21:43:04-07:00,0,0
contact/index.html,13,html,20e66fca,tejassmani,2025-05-09,13:22:34,-07:00,2025-05-09T13:22:34-07:00,2,66
contact/index.html,14,html,20e66fca,tejassmani,2025-05-09,13:22:34,-07:00,2025-05-09T13:22:34-07:00,3,20
contact/index.html,15,html,20e66fca,tejassmani,2025-05-09,13:22:34,-07:00,2025-05-09T13:22:34-07:00,4,35
contact/index.html,16,html,20e66fca,tejassmani,2025-05-09,13:22:34,-07:00,2025-05-09T13:22:34-07:00,4,56
contact/index.html,17,html,20e66fca,tejassmani,2025-05-09,13:22:34,-07:00,2025-05-09T13:22:34-07:00,3,4
contact/index.html,18,html,f4382ecd,tejassmani,2025-04-04,20:28:13,-07:00,2025-04-04T20:28:13-07:00,0,0
contact/index.html,19,html,20e66fca,tejassmani,2025-05-09,13:22:34,-07:00,2025-05-09T13:22:34-07:00,3,20
contact/index.html,20,html,20e66fca,tejassmani,2025-05-09,13:22:34,-07:00,2025-05-09T13:22:34-07:00,4,32
contact/index.html,21,html,20e66fca,tejassmani,2025-05-09,13:22:34,-07:00,2025-05-09T13:22:34-07:00,4,59
contact/index.html,22,html,20e66fca,tejassmani,2025-05-09,13:22:34,-07:00,2025-05-09T13:22:34-07:00,3,4
contact/index.html,23,html,f4382ecd,tejassmani,2025-04-04,20:28:13,-07:00,2025-04-04T20:28:13-07:00,0,0
contact/index.html,24,html,20e66fca,tejassmani,2025-05-09,13:22:34,-07:00,2025-05-09T13:22:34-07:00,3,41
contact/index.html,25,html,20e66fca,tejassmani,2025-05-09,13:22:34,-07:00,2025-05-09T13:22:34-07:00,2,5
contact/index.html,26,html,20e66fca,tejassmani,2025-05-09,13:22:34,-07:00,2025-05-09T13:22:34-07:00,1,5
contact/index.html,27,html,d206d8e9,tejassmani,2025-04-18,21:43:04,-07:00,2025-04-18T21:43:04-07:00,0,5
